artist_name,year,songs_count
!!!,2007,1
1. Futurologischer Congress,1982,1
2 Minutos,1994,3
2 Minutos,1997,1
2 Minutos,1999,1
2 Minutos,2003,1
2 Minutos,2006,2
2-4 Grooves feat. Reki D.,2009,1
22-20s,2004,1
23rd Turnoff,2001,1
2raumwohnung,2001,1
2raumwohnung,2002,1
2raumwohnung,2007,1
2raumwohnung,2010,1
3 Doors Down,1999,2
3 Doors Down,2002,2
3 Doors Down,2003,1
3 Doors Down,2007,1
3 Doors Down,2008,1
3 Steps Ahead,1997,1
3 of Hearts,2001,1
30 Seconds To Mars,2002,3
30 Seconds To Mars,2005,1
30 Seconds To Mars,2009,1
32 Leaves,2009,1
3OH!3,2008,1
40 Grit,2003,2
45 Grave,1983,1
45 Grave,1989,2
4Him,1994,1
4Him,1995,1
4Him,2000,1
5 Blind Boys Of Alabama,1996,1
50 Cent,2002,1
50 Cent,2007,1
50 Cent / Mobb Deep,2005,1
5th Ward Boyz,1993,3
5th Ward Boyz,1994,1
8Ball & MJG,2007,1
99 Posse,1992,2
A Different Breed of Killer,2008,1
A Perfect Murder,2007,2
A Skylit Drive,2007,1
A Static Lullaby,2005,1
A Static Lullaby,2008,1
A Tribe Called Quest,1991,1
A Tribe Called Quest,1996,1
A Tribe Called Quest,1998,1
A Tundra,2010,1
A-Mei,2008,1
A.Z.,1995,1
A.Z.,1998,1
AFI,2006,2
AFI,2009,2
ARRESTED DEVELOPMENT,1993,1
ARRESTED DEVELOPMENT,2002,1
ARRESTED DEVELOPMENT,2006,1
ATB,2004,2
ATB,2005,1
AZ,2002,1
Aaron Watson,2008,4
Abijah,2003,2
Abraham Laboriel,1995,2
Abysmal Dawn,2008,2
Ace Frehley,2009,1
Aceyalone,2007,1
Adalberto Santiago,1977,1
Adam Ant,1982,3
Adam Ant,1998,1
Adam Richman,2005,1
Adrenalin O.D.,1986,1
Adrienne Pierce,2008,1
Aeoliah,2007,1
Aerosmith,1974,2
Aerosmith,1979,1
Aerosmith,1987,1
Aerosmith,1988,1
Aerosmith,1989,1
Aerosmith,1991,1
Aerosmith,1993,4
Aesop Rock,2001,2
Aesop Rock,2002,1
Aesop Rock,2003,2
Africando,2003,1
Africando All Stars,2003,1
Afrob feat. Sarah,2009,1
Agnostic Front,1992,1
Agnostic Front,1999,2
Agnostic Front,2001,1
Agnostic Front,2002,1
Agnostic Front,2004,1
Agnostic Front,2007,1
Ai Ai Ai,1994,1
Aiden,2007,2
Aiden,2009,2
Airto Moreira,2003,1
Aisha Duo,2005,2
Akon,2004,1
Akon,2006,1
Akon,2008,1
Al Denson,1999,1
Al Di Meola,1980,2
Al Di Meola,1983,1
Al DiMeola,1982,1
Al DiMeola,1992,1
Alan Silvestri,1990,1
Alan Silvestri,2006,1
Alan Silvestri,2009,1
Albert Ayler,1969,1
Albert Collins,1993,1
Albert King,1968,1
Alberto Cortez,1989,1
Alceu Valença,1992,1
Alceu Valença,1997,1
Alceu Valença,1998,1
Alejandro Lerner,1984,2
Alejandro Lerner,1998,1
Alex Gopher,2007,1
Alex Ubago,2003,1
Alex Ubago,2009,2
Alexander O'Neal,2008,4
Alexandre Desplat,2004,1
Alexandre Desplat,2005,1
Alexandre Desplat,2006,1
Alexandre Desplat,2008,1
Alexandre Desplat,2009,2
Alexandre Desplat,2010,1
Alexis HK,2004,1
Alexis HK,2009,2
Alexisonfire,2005,1
Alice Cooper,1971,2
Alice Cooper,1982,2
Alice Cooper,2003,1
Alice In Chains,1990,1
Alice In Chains,1992,5
Alice In Chains,2009,2
Alicia Keys,2003,3
Alicia Keys,2005,1
Alicia Keys,2009,1
All Girl Summer Fun Band,2008,2
All Shall Persih,2006,1
All Time Low,2007,1
All Time Low,2008,1
Alphonse Mouzon,1977,1
Alternative TV,1978,1
Alternative TV,1981,1
Alternative TV,1994,1
Alvin Youngblood Hart,1998,1
Alvino Rey And His Orchestra,2005,2
Amil,2000,2
Amoral,2001,1
Amoral,2004,1
Amoral,2009,1
Amorphis,1992,1
Amorphis,1994,1
Amorphis,1997,1
Amorphis,2001,1
Amy Winehouse,2003,2
Amy Winehouse,2007,1
Ana Popovic,2007,2
Ancient Astronauts,2009,1
Andreas Dorau,1994,1
Andreas Dorau,1997,2
Andreas Dorau,2005,1
Andrew W.K.,2003,1
Andrew W.K.,2006,2
André Minvielle,2007,1
André Verchuren,1989,2
André Verchuren,2001,1
Andy & Lucas,2003,1
Andy & Lucas,2005,1
Andy & Lucas,2008,2
Angelo Badalamenti,1987,1
Angelo Badalamenti,2001,1
Angélica María,1997,1
Ann Hampton Callaway,2005,1
Ann Lee,2000,1
Anna Abreu,2007,1
Anne Dudley,2000,2
Anne Dudley,2006,2
Annie Blanchard,2007,2
Annie Lennox,1992,1
Annie Lennox,1995,1
Annie Lennox,2003,1
Anthony Blea Y Su Charanga,2004,1
Anthony Cruz,2005,1
Anti-Flag,1998,1
Anti-Flag,1999,1
Anti-Flag,2001,1
Anti-Flag,2003,2
Anti-Flag,2008,1
Anti-Flag,2009,2
Antigone Rising,2005,1
Apache Indian,1993,1
Aphasia,2001,3
April Wine,1979,2
April Wine,1981,1
Arc Angels,1992,2
Archie Bell and The Drells,2004,1
Architecture In Helsinki,2005,1
Architecture In Helsinki,2007,1
Arctic Monkeys,2004,3
Arne Weise,2002,1
Arsonists Get All The Girls,2009,2
Art Ensemble Of Chicago,2004,2
Arthur Brown,1968,2
Arthur Tracy,1993,3
Arturo Sandoval,1995,1
Arturo Sandoval,1997,2
Arturo Sandoval,2003,1
Ashton Shepherd,2008,2
Ashtrax,2002,1
Asleep At The Wheel,1988,1
Asleep At The Wheel,2002,1
Asleep At The Wheel,2007,1
Astarte,1998,2
Astarte,2000,1
Astarte,2002,1
Aswad,1981,1
At All Cost,2007,1
At The Gates,1991,1
Atari Teenage Riot,1997,1
Atari Teenage Riot,1999,1
Atari Teenage Riot,2000,1
Atman,1997,2
Atman,1998,1
Atman,2002,1
Atman,2005,1
Atman,2007,1
Atomic Rooster,1971,1
Atomic Rooster,1972,3
Atomic Rooster,2005,2
Atomship,2004,1
Atreyu,2004,4
Atreyu,2009,1
Audio Adrenaline,1992,1
Audio Adrenaline,1997,1
Auf Der Maur,2004,1
Autumnblaze,1999,1
Autumnblaze,2009,1
Avril,2000,1
Avril - Remix By Ana Rago,2002,1
Avril Lavigne,2001,1
Avril Lavigne,2004,1
Avril Lavigne,2007,1
Axe,1983,1
Aynsley Lister,2009,1
Ayo,2006,8
Azis,2006,1
B.B. King,1956,1
B.B. King,2002,1
B.B.King,1956,1
B.o.B,2010,1
BB King,1995,1
BLEED THE SKY,2008,1
BMX Bandits,2007,1
BT,2000,1
BT,2004,1
BT,2005,2
BT,2006,1
BT feat. JES,2010,1
Babe Ruth,1975,1
Baby Bash / Grimm,2003,1
Baby Huey & The Baby Sitters,1971,1
Babylon Disco,2005,1
Babylon Disco,2007,2
Bacilos,2004,1
Back Door Slam,2007,2
Backstreet Boys,1999,1
Backstreet Boys,2000,2
Backstreet Boys,2009,1
Bad Azz,1998,1
Bad Azz,2003,1
Bad Brains,1983,3
Bad Brains,1995,1
Bad Brains,1996,1
Bad Company,1974,2
Bad Company,1975,1
Bad Company,1976,1
Bad Company,1979,2
Bad Company,1986,1
Bad Religion,1982,1
Bad Religion,1992,1
Bad Religion,1994,1
Bad Religion,1995,1
Bad Religion,2002,3
Badmarsh & Shri,1997,1
Badmarsh & Shri,2001,1
Bally Sagoo,2003,1
Bare Jr.,1998,3
Barenaked Ladies,1996,1
Baroness,2007,2
Baroness,2009,1
Barry Manilow,1976,1
Barry Manilow Featuring The Glenn Miller Orchestra with Debra Byrd,1994,1
Basement Jaxx,1999,2
Basement Jaxx,2001,1
Basement Jaxx,2009,1
Basic Channel,1994,2
Basic Channel,1995,2
BassTurk,2008,1
Be Bop Deluxe,1975,2
Be Bop Deluxe,1977,1
Be Bop Deluxe,1991,1
Beastie Boys,1989,1
Beastie Boys,1994,2
Beastie Boys,2004,1
BeauSoleil,1991,1
Beautiful Creatures,2001,1
Bebe Winans,2002,1
Bebe Winans / Stephanie Mills,2000,1
Bebo & Cigala,2003,1
Bebo Norman,2004,1
Bebo Norman,2006,1
Bebo Norman,2008,1
Becky Baeling,2003,1
Becoming The Archetype,2005,1
Becoming The Archetype,2008,1
Bedrock,2004,1
Beenie Man,2006,2
Beenie Man Featuring Janet Jackson,2002,1
Behemoth,1999,1
Behemoth,2000,2
Behemoth,2002,2
Behemoth,2004,1
Behemoth,2009,1
Beherit,1990,1
Beherit,1993,2
Beherit,1995,1
Beherit,2009,1
Belle & Sebastian,2003,1
Belle and Sebastian,1996,2
Belphegor,2008,2
Ben Harper And The Blind Boys Of Alabama,2004,1
Ben Jelen,2004,1
Ben Sidran,2009,1
Ben Watt feat. Estelle,2005,1
Benabar,2001,1
Benabar,2003,1
Beneath The Sky,2007,1
Benga,2006,1
Benga,2008,1
Beogradski Sindikat,2002,1
Beres Hammond,2003,1
Berlin,2002,1
Berlin,2004,1
Berrogüetto,2000,1
Bersuit Vergarabat,1996,2
Bersuit Vergarabat,1998,2
Bersuit Vergarabat,2005,1
Bert Kaempfert,1996,1
Bert Kaempfert,1997,2
Bessie Smith,1991,1
Bessie Smith,2007,1
Beth Nielsen Chapman,1997,1
Between The Buried And Me,2002,1
Between The Buried And Me,2006,2
Between The Buried And Me,2007,2
Beyoncé,2003,2
Beyoncé,2006,2
Beyoncé,2007,1
Beyoncé,2008,1
Beyoncé feat. Slim Thug,2005,1
Big Audio Dynamite,1986,1
Big Daddy Kane,2001,1
Big Dee Irwin,1990,1
Big Jay Oakerson,2009,1
Big John Greer,1992,1
Big Mama Thornton with Kansas Bill and his Orchestra,1953,1
Big Maybelle,1995,1
Big Star,2009,1
BigElf,2003,1
BigElf,2008,1
Bikini Machine,2009,1
Bill Cosby,1967,1
Bill Cosby,1968,1
Bill Cosby,1973,1
Bill Douglas,1990,1
Bill Douglas,1993,1
Bill Engvall,1998,1
Bill Laswell,1996,1
Bill Perry,2004,1
Billie Jo Spears,1976,2
Billie Jo Spears,1990,1
Billie Jo Spears,1992,1
Billy Bragg,1984,1
Billy Bragg,2006,1
Billy Bragg,2008,1
Billy Pilgrim,1995,1
Bitty McLean,1995,1
Bizarre Inc,1996,1
Bizzy Bone Presents,2004,1
Black Debbath,2001,1
Black Debbath,2006,1
Black Debbath,2009,1
Black Eyed Peas,2000,1
Black Eyed Peas,2004,2
Black Eyed Peas / Les Nubians / Mos Def,2000,1
Black Eyed Peas / Terry Dexter,2000,1
Black Flag,1980,1
Black Flag,1981,2
Black Flag,1982,1
Black Flag,1985,1
Black History,2001,1
Black Messiah,2009,1
Black Tambourine,2010,1
Blackalicious,1999,2
Blackalicious,2005,1
Blind Blake,2006,1
Blind Boy Fuller,1991,1
Blind Boy Fuller,1995,1
Blind Boy Fuller,2005,1
Blind Lemon Jefferson,1926,2
Blind Lemon Jefferson,1927,1
Blind Lemon Jefferson,1972,1
Blind Lemon Jefferson,2007,1
Blind Willie Johnson,1989,2
Blind Willie Johnson,1991,3
Blind Willie Johnson,1996,1
Blind Willie McTell,1927,1
Blind Willie McTell,2001,1
Blink-182,1997,1
Blink-182,2003,1
Bloc Party,2008,1
Bloc Party,2009,1
Bloomfield,2006,1
Blue October,2009,2
Blue Rodeo,1987,1
Blue Rodeo,1992,1
Blue Rodeo,2005,1
Blue Rodeo,2007,1
Blue Rodeo,2009,2
BoDeans,1986,1
BoDeans,1989,1
BoDeans,2010,1
Boards of Canada,1996,1
Bob Carlisle,1994,1
Bob Dylan,1975,1
Bob Dylan,1978,1
Bob Dylan,1997,1
Bob Hope,2003,1
Bob Marley,1991,1
Bob Marley,1996,1
Bob Marley,1999,2
Bob Marley & The Wailers,1992,1
Bob Marley & The Wailers,2001,1
Bob Marley & The Wailers,2007,1
Bob Neuwirth,1990,1
Bob Newhart,1961,1
Bob Willis,1993,1
Bob Willis,2000,1
Bob Wills,1991,2
Bobaflex,2005,2
Bobbie Gentry,1968,3
Bobby Bland,2006,1
Bobby Darin,1995,1
Bobby Darin,2003,1
Bobby Darin,2008,1
Bobby Hutcherson,1967,1
Bobby Pulido,1996,2
Bobby Pulido,1999,3
Bobby Valentin,1970,1
Bodies In the Gears of the Apparatus,2005,1
Bombay Rockers,2004,1
Bon Jovi,1985,1
Bon Jovi,1986,1
Bon Jovi,1995,1
Bon Jovi,2002,1
Bon Jovi,2004,1
Bon Jovi,2005,1
Bon Jovi,2007,1
Bon Jovi,2008,1
Bon Jovi / Ray Davies,2002,1
Bone Thugs-N-Harmony,2000,3
Bone Thugs-N-Harmony / Akon,2007,1
Boney James And Rick Braun,2000,1
Bongzilla,1999,1
Bongzilla,2002,2
Bongzilla,2005,2
Boogie Pimps,2007,1
Boondox,2010,1
Boots Randolph,1963,1
Bottom Of The Hudson,2003,1
Bottom Of The Hudson,2005,1
Bounty Killer,1995,1
Bounty Killer,2001,2
Bow Wow Wow,2003,1
Boyz II Men,1991,1
Boyz II Men,1994,1
Boyz II Men,2009,1
Brand X,1977,2
Brasilian Tropical Orchestra,1999,1
Bravehearts,2003,1
Brenda Boykin,2008,1
Brenda Lee,1960,2
Brenda Lee,1995,1
Brian Auger's Oblivion Express,1999,1
Brian Eno And David Byrne,1981,1
Brian Littrell,2006,1
Brian Tyler,2007,1
Brian Tyler,2009,1
Brigada Victor Jara,1998,2
Britney Spears,2000,3
Britney Spears,2003,1
Britney Spears,2004,1
Britney Spears,2005,1
Britney Spears,2007,1
Britney Spears,2009,1
Britney Spears feat. Pharrell Williams,2001,1
Britny Fox,1991,1
Britt Nicole,2007,2
Broadcast,2000,1
Broadcast,2003,1
Broadcast,2005,1
Brooke Valentine,2005,2
Brooke White,2009,1
Bruce Rowland,1982,1
Bruce Rowland,1985,1
Bruce Springsteen,1973,1
Bruce Springsteen,1984,1
Bruford,1979,1
Bruno Sanfilippo,1991,1
Bruno Sanfilippo,2006,1
Bryan Ferry,1973,1
Bryan Ferry,1976,1
Bryan Ferry,1994,2
Bryan Ferry,2002,2
Bryan White,1999,3
Buckwheat Zydeco,1987,1
Buddy Jewell,2003,1
Buddy Johnson,2005,1
Buddy Miles,1997,2
Buju Banton,1993,1
Buju Banton,1997,1
Buju Banton,2003,1
Bukka White,1940,2
Bullet For My Valentine,2005,2
Bumblefoot,2008,1
Burning Spear,1977,1
Burning Spear,1980,1
Burning Spear,1991,1
Burning Spear,2009,1
Burt Bacharach,1967,1
Bury Your Dead,2008,1
Bury Your Dead,2009,1
Busdriver,2004,1
Busdriver,2005,1
Busdriver,2007,3
Busdriver,2009,1
Busdriver featuring Abstract Rude & Ellay Khule,2005,1
Busta Rhymes,2000,1
Busta Rhymes,2001,2
Busta Rhymes,2002,1
Butthole Surfers,1987,2
Butthole Surfers,1993,1
Butthole Surfers,1996,1
Buzzcocks,1978,1
Buzzcocks,1980,1
Buzzcocks,2008,1
Buzzhorn,2002,1
Byther Smith,1989,1
Byther Smith,2004,1
Byzantine,2008,1
Béla Fleck,1982,1
Bénabar,2005,2
Bénabar,2007,1
C.C. Adcock,2004,2
C.J. Chenier,1992,1
C.L. Smooth,2006,1
CMW - Compton's Most Wanted,1992,1
Cabas,2008,1
Cabin Crew,2009,1
Cadacross,2002,1
Café Quijano,1998,1
Café Quijano,1999,2
Café Quijano,2001,1
Cake,1998,1
Cake,2001,1
Cal Tjader,1956,1
Cal Tjader,2003,1
Cali,2003,1
Cali,2006,2
Cali,2008,1
Call To Preserve,2006,1
Call To Preserve,2008,3
Cam'Ron,2004,3
Cam'Ron,2006,2
Cam'Ron / JR Writer,2004,1
Cam'Ron / Juelz Santana,2002,1
Cam'Ron / Juelz Santana / Jimmy Jones,2002,1
Cama,2009,3
Camp Lo,1997,1
Camp Lo,2009,2
Cancer Bats,2009,1
Cancer Bats,2010,2
Candlebox,2008,1
Candy Lo,2001,1
Capleton,1991,1
Capleton,1997,1
Capleton,2000,1
Capleton,2005,1
Capone-N-Noreaga,2009,1
Capone-N-Noreaga feat. Busta Rhymes and Ron Browz,2009,1
Captain Hollywood Project,1993,1
Captain Hollywood Project,1995,2
Caramell,1999,1
Cargo Cult,2004,1
Carl Belew,1959,1
Carl Cox Vs Yousef,1991,1
Carl Crack,1998,2
Carl Smith,1990,1
Carl Smith,1993,3
Carlos Baute,2008,1
Carlos Nuñez,2002,1
Carlos Nuñez,2003,1
Carlos Nuñez,2004,1
Carlos Nuñez,2005,1
Carlos Nuñez,2007,1
Carlos Ponce,1999,2
Carlos Ponce,2002,1
Carlos Ponce,2003,1
Carlos Vives,2000,2
Carpenters,1992,1
Casa Bulga,2003,1
Casiotone For The Painfully Alone,1999,1
Casiotone For The Painfully Alone,2001,1
Casiotone For The Painfully Alone,2003,1
Casiotone For The Painfully Alone,2006,2
Casiotone For The Painfully Alone,2008,2
Casiotone For The Painfully Alone,2009,1
Caspa,2009,1
Caspian,2007,1
Cassie,2006,1
Casual,2008,1
Catupecu Machu,2004,1
Cauterize,2003,1
Cece Winans,1998,3
Chalk Farm,1996,1
Chango Spasiuk,1998,1
Charanga Forever,2000,1
Charley Patton,1929,1
Charley Patton,1930,1
Charley Patton,1990,1
Charley Pride,1970,1
Charley Pride,2002,1
Charlie Byrd,1989,1
Charlie Byrd,1991,1
Charlie Byrd,1997,1
Charlie Byrd,2004,1
Charlie Haden,2002,1
Charlie McCoy,1991,2
Charlie Patton,1934,1
Charlie Peacock,1986,1
Charlie Peacock,1988,2
Charlie Peacock,1991,2
Charlie Peacock,1999,1
Charlie Rich,1997,2
Charlotte Gainsbourg,2006,1
Charlotte Gainsbourg,2009,2
Charly Garcia,2003,1
Charly García,1983,1
Charly García,2003,1
Chase & Status,2005,2
Chelsea,1977,1
Chelsea,1979,1
Chelsea,1991,1
Cheo Feliciano,1972,1
Cheri Keaggy,1994,1
Cherish The Ladies,1999,1
Cherrelle,1999,1
Chico Cesar,2008,1
Chimaira,2005,1
Chimaira,2007,1
Chris Clark,1967,1
Chris Eaton,1995,1
Chris Farlowe,1966,1
Chris Rea,1985,1
Chris Rea,1986,1
Chris Rea,2008,1
Chris Standring,2003,2
Chris Standring,2006,2
Christina Aguilera,2000,2
Christina Aguilera,2002,3
Christophe Beck,2002,1
Christophe Beck,2006,1
Chroma Key,2004,1
Chuck Wicks,2008,1
Chéco Feliciano And Joe King,2006,1
Ciaran Byrne,2006,1
Cinder,2006,3
Circle Jerks,1980,2
Circle Jerks,1982,1
Cirrus,2002,1
Citizen Kaned,2000,1
City High,2001,3
Clara Nunes,1982,1
"Clarence ""Gatemouth"" Brown",1995,1
Claude François,1994,1
Claw Hammer,1998,1
Clay Crosse,1998,1
Cliff Bruner,2004,1
Cliff Edwards/Disney Studio Chorus,1991,1
Clifton Chenier,2001,1
Cobra Killer,1998,1
Cockney Rejects,1987,1
Cockney Rejects,1997,2
Cockney Rejects,2007,2
Coco Montoya,1995,1
Cocoa Tea,1991,1
Cocoa Tea,1992,2
Cocoa Tea,1993,1
Cocoa Tea,2008,1
ColdWorld,2008,1
Coldplay,1999,1
Coldplay,2002,1
Coldplay,2003,1
Coldplay,2005,3
Colin James,1995,1
Colin James,2003,1
Colombiafrica - The Mystic Orchestra,2007,1
Commander Cody & His Lost Planet Airmen,1973,1
Commander Cody And His Lost Planet Airmen,1974,3
Commander Cody And His Lost Planet Airmen,1975,1
Concretes,2007,1
Confetti's,2001,1
Connie Francis,1959,1
Connie Smith,2001,2
Constance Demby,1989,2
Converge,2003,1
Converge,2006,1
Converge,2009,1
Conway Twitty,2009,1
Cookie Crew,1989,1
Cookies,2005,1
Cool For August,1997,1
Coph Nia,2000,1
Cornell Campbell,1997,1
Count Ossie,1994,1
Crabby Appleton,1970,1
Cracker,1992,1
Cracker,1995,1
Cracker,1998,1
Cradle Of Filth,1994,1
Craig Wedren,2005,1
Crazy Horse,2006,1
Creedence Clearwater Revisited,1998,1
Crematorium,2005,1
Cross Country,2009,3
Crucial Conflict,2008,1
Curtis,1999,1
Curtis Mayfield,1979,1
Curtis Mayfield,1980,1
Curtis Mayfield,2006,2
Cut Copy,2004,1
Cut Copy,2008,2
Cybertribe,1998,1
Céline Dion,1996,1
Céline Dion,2007,1
Cómplices,1991,1
D.R.S.,1993,1
D:Fuse,2004,1
DAVE MATTHEWS BAND,1993,1
DAVE MATTHEWS BAND,2001,1
DCX,2008,1
DJ Clue / P. Diddy,1998,1
DJ DLG feat. MC Flipside,2006,1
DJ Godfather,1998,1
DJ Godfather,2003,1
DJ Guy,2009,1
DJ Harry,2001,1
DJ Harry,2004,3
DJ Icey,2003,2
DJ Quik,1991,1
DJ Quik,2000,1
DMX,1998,2
DMX,2001,1
DMX / Dyme,1999,1
DMX / Eve / Jadakiss,2003,1
Daath,2006,3
Daddy Yankee,2003,1
Daddy Yankee,2007,1
Daddy Yankee,2008,1
Daddy Yankee,2010,1
Daddy Yankee / May-Be,2004,1
Daft Punk,1995,1
Dala,2009,1
Daler Mehndi,2000,1
Damone,2006,1
Danger Danger,1989,1
Daniel Johnston,1982,2
Daniel Johnston,1983,1
Daniel Johnston,1984,1
Daniel Johnston,1998,1
Daniel Johnston,2006,1
Daniel Johnston,2009,1
Danielle Bollinger,2006,2
Danilo Perez,2003,1
Danilo Perez / Claus Ogerman,2008,1
Danny Barnes,2005,2
Danny Elfman,2002,1
Danny Elfman,2007,1
Danny Williams,1998,1
Danny Wilson,1987,1
Danny Wilson,1989,2
Darden Smith,1990,2
Darden Smith,2002,1
Darden Smith,2004,1
Dario Marianelli,2007,1
Dario Marianelli,2009,3
Dark Fortress,2006,2
Dark Fortress,2008,1
Dark Fortress,2010,1
Dark Party,2008,1
Dark new Day,2005,1
Darryl Worley,2000,1
Darryl Worley,2002,1
Dart,2002,1
Darwin Hobbs,2003,2
Darwin Hobbs,2005,1
Darwin's Waiting Room,2001,2
Daryl Hall & John Oates,1976,1
Daryl Hall & John Oates,1988,1
Daryl Hall & John Oates,1990,1
Daughters,2003,2
"Dave ""Baby"" Cortez",1976,1
Dave And Ansel Collins,1971,1
Dave Brockie Experience,2001,2
Dave Brockie Experience,2003,1
Dave Eggar,1998,2
Dave Eggar,2002,1
Dave Eggar,2005,1
Dave Hollister,2001,1
Dave Hollister,2006,2
Dave Hollister,2008,2
Dave Valentin,1999,1
Dave Weckl,1994,1
David & Steve Gordon,1982,1
David Arkenstone,1996,1
David Arkenstone,2009,2
David Banner,2003,1
David Banner,2008,1
David Benoit,2000,1
David Bowie,1977,1
David Bowie,1982,1
David Cook,2008,1
David Gilmour Featuring Richard Wright,2006,1
David Johansen,1979,1
David Rose & His Orchestra,2004,1
David Summers,1998,1
David Tao,2009,1
Dax Riggs,2007,3
De La Soul / MF Doom,2004,1
DeGarmo & Key,1988,1
Dead Kennedys,1979,1
Dead Kennedys,1980,1
Dead Kennedys,1982,1
Dead Prez,2000,2
Dead To Me,2006,1
Dead To Me,2008,1
Dealership,2004,1
Dean Martin,1997,1
Dean Martin,2002,1
Dean Martin,2005,1
Death Cab for Cutie,2008,1
Death From Above 1979,2004,2
Death SS,2006,1
Debbie Davies,1998,2
Deborah Allen,2005,1
Deborah Coleman,1998,1
Deborah Coleman,2000,1
Dee Clark,1990,1
Dee Clark,2000,1
Deekline & Wizard,2004,1
Deep Blue Something,1995,1
Deep Forest,1992,1
Deep Forest,1997,2
Deep Puddle Dynamics,1999,1
Deepest Blue,2004,1
Defari,2003,1
Defect & Quixotic,2008,1
Deftones,1997,1
Deftones,2000,1
Deftones,2005,1
Deftones,2010,1
Deitrick Haddon,2004,1
Deitrick Haddon,2008,1
Del Tha Funkee Homosapien,1991,2
Del The Funky Homosapien,1998,2
Delbert McClinton,2000,2
Delirious,2000,1
Dells,1957,1
Delroy Wilson,1969,1
Delroy Wilson,1999,1
Delroy Wilson,2009,1
Dendemann,2006,2
Der Plan,1983,1
Der Plan,1988,2
Derek Bailey,1975,1
Descendents,1982,1
Descendents,1986,2
Desert Dwellers,2006,1
Devanic,2006,2
Deville_ Willy,1996,1
Devo,1978,1
Devo,1979,1
Devo,1981,1
Devo,1984,1
Devo,1993,1
Dexy's Midnight Runners,1980,1
Dexys Midnight Runners,1982,1
Dexys Midnight Runners,1991,1
Dexys Midnight Runners,2007,1
Diamanda Galas,1993,1
Diamond D,1997,1
Die Fantastischen Vier,1991,1
Die Fantastischen Vier,2010,1
Diesel Boy,1998,2
Diesel Boy,2001,1
Digital Mystikz,2006,1
Dijous Paella,2005,1
Dilated Peoples,2004,2
Dilated Peoples Featuring Black Thought,2001,1
Dilated Peoples Featuring Capleton,2006,1
Dilated Peoples Featuring Devin The Dude,2004,1
Dimmu Borgir,1996,2
Dimmu Borgir,2001,2
Dimmu Borgir,2007,2
Dinosaur Jr,1991,1
Dinosaur Jr,1994,1
Dinosaur Jr.,1985,1
Dinosaur Jr.,1991,1
Dinosaur Jr.,2007,1
Dionne Warwick,2006,1
Disembowelment,1993,1
Dishwalla,1995,1
Dixie Chicks,1998,1
Dixie Chicks,1999,1
Dixie Chicks,2006,1
Django Asül,2004,2
Djelimady Tounkara,2001,1
Djelimady Tounkara,2005,1
Dntel,1998,1
Dobet Gnahoré,1997,1
Dobet Gnahoré,2010,2
Dokken,2008,2
Dolly Parton,1967,1
Dolly Parton,1971,1
Dolly Parton,1977,1
Dolly Parton,1998,1
Dolly Parton,2008,1
Dolores Keane,1993,2
Don & Juan,1995,1
Don Francisco,1991,2
Don Gibson,1959,2
Don Gibson,1960,1
Don Gibson,1987,3
Don Gibson,1991,1
Donna Fargo,1999,1
Donna The Buffalo,1999,1
Donnie Brooks,2001,1
Donnie McClurkin,2000,1
Donny Hathaway,1971,1
Donny Hathaway,1990,1
Dons,2006,2
Dope Stars Inc.,2006,1
Dora The Explorer,2006,1
Dora The Explorer,2008,2
Doug MacLeod,2004,1
Doyle Bramhall,2007,2
Dream Warriors,1996,2
Drop Dead_ Gorgeous,2006,1
Dropkick Murphys,1997,1
Dropkick Murphys,1999,1
Dropkick Murphys,2002,1
Dropkick Murphys,2005,1
Drowning Pool,2007,1
Dub Pistols feat. TK,2009,1
Dub Pistols feat. TK & Ashley Slater,2009,1
Dusminguet,1998,2
Dusminguet,2001,1
Dynamite Deluxe,2000,3
EPMD,1989,1
EPMD,1990,4
EPMD,1992,1
EPMD,1997,1
EPMD,1999,1
EPMD / Nocturnal,1997,1
Eagles,1974,1
Eagles,2007,2
Eagles Of Death Metal,2008,1
Eagles Of Death Metal,2009,1
Earl Hooker,1968,1
Eastmountainsouth,2003,1
Easy Star All-Stars,2009,1
Eazy-E,1988,1
Eberhard Weber,1993,1
Ebru Gündes,2006,1
Ec8or,1995,1
Ec8or,2000,1
Eddie,2007,1
Eddie Calvert,2001,1
Eddie Cantor,1994,1
Eddie Cantor,2000,1
Eddie Money,1977,1
Eddie Money,1983,1
Eddie Palmieri,1973,2
Eddie Turner,2005,3
Eddy Arnold,1956,1
Eddy Arnold,1967,2
Eddy Raven,1995,1
Edgar De L'est,2002,1
Edith Lefel,1992,1
Edu Lobo,1967,1
Eduardo Dusek,2000,1
Egberto Gismonti,1981,1
Eighteen Visions,1997,1
Eighteen Visions,2006,1
Eko Fresh,2007,1
Eko Fresh feat. Ado,2007,1
Eko Fresh feat. G-Style,2003,1
Eko Fresh feat. Summer Cem & DJ Ses,2003,1
El Gran Combo De Puerto Rico,2006,1
Elakelaiset,1995,1
Elakelaiset,1996,2
Electronic pig,2005,1
Elephant Man,2003,1
Eliane Elias,1992,1
Eliane Elias,1995,1
Eliane Elias,2000,1
Eliane Elias,2009,1
Elizabeth Cotten,1958,1
Elliot Goldenthal,2000,3
Elliot Goldenthal,2003,1
Elmore James,1993,1
Eluveitie,2008,1
Eluveitie,2010,1
Elvenking,2004,2
Elvenking,2006,1
Elvin Bishop,2005,2
Embrace the End,2008,2
Eminem,1998,1
Eminem,1999,1
Eminem,2000,4
Eminem,2004,1
Eminem,2009,1
Ennio Morricone,1983,1
Eno,1973,1
Enrique Iglesias,1995,1
Enrique Iglesias,1998,1
Enrique Iglesias,2007,1
Enrique Iglesias,2008,1
Ensiferum,1999,2
Ensiferum,2004,1
Enslavement Of Beauty,1999,1
Enslavement Of Beauty,2001,1
Enter the Haggis,1999,2
Enthroned,2010,2
Entre Ríos,2005,2
Enuff Z 'Nuff,1989,1
Eric B. & Rakim,1987,1
Eric B. & Rakim,1988,1
Eric Burdon,1988,2
Eric Burdon,1997,1
Eric Burdon,1999,1
Eric Burdon,2004,1
Eric Burdon,2006,1
Eric Champion,1993,1
Eric Champion,1996,1
Eric Demarsan,2005,1
Erick Sermon,1993,4
Erick Sermon,2001,1
Erik Hassle,2009,1
Erja Lyytinen,2010,1
Erkki Junkkarinen,2002,1
Esa Pakarinen,1990,4
Esperanza Spalding / Leo Genovese,2008,2
Esser,2008,1
Estopa,1999,2
Eurythmics,1985,1
Eurythmics,1986,2
Evanescence,2006,1
Event Horizon,2001,1
Evergreen Terrace,2001,1
Evergreen Terrace,2002,1
Evergreen Terrace,2009,1
Every Time I Die,2000,1
Every Time I Die,2001,1
Every Time I Die,2007,1
Every Time I Die,2009,1
Everyday Sunday,2002,1
Everyday Sunday,2004,1
Everyday Sunday,2007,1
Extrabreit,1993,1
Eyehategod,1992,1
Eyes Cream,2002,1
Eyes Set to Kill,2006,1
Eyes Set to Kill,2010,1
F.I.R.,2009,1
FFH,2000,1
FFH,2003,1
FFH,2005,2
FU-Schnickens,1992,2
FU-Schnickens,1994,1
Fabolous,2003,2
Fabolous,2004,1
Fabri Fibra,2009,1
Faces,1971,1
Faces,1973,1
Facto Delafe y las flores azules,2005,2
Facto Delafe y las flores azules,2007,1
Faith Hill,1998,1
Faith Hill,2001,1
Faith Hill,2002,1
Faith Hill,2005,1
Faith Hill,2007,1
Faith Hill,2008,1
Faith Hill & Tim McGraw,1999,1
Faith Yang,2009,1
Faithless,1995,1
Faithless,1996,1
Faithless,1998,1
Faithless,2004,2
Fake Problems,2009,1
Falco,1984,1
Falco,1991,1
Falco,1992,1
Fall Out Boy,2007,2
Fall Out Boy,2008,3
False Prophets,1984,1
Far Too Jones,1997,1
Faron Young,1986,1
Faron Young,1994,1
Fast Eddie,1990,1
Fastway,1986,1
Fat Joe,2002,2
Fat Joe,2005,2
Faye Adams,1961,2
Fehlfarben,1983,1
Fehlfarben,1991,1
Fenton Robinson,1990,1
Fernando Ortega,1997,1
Fernando Ortega,2003,1
Fever Ray,2009,4
Finest Dearest,2008,2
Finntroll,2001,1
Finntroll,2004,2
Finntroll,2007,1
Finntroll,2010,1
Fiona,1989,1
Firehouse,1990,2
Firehouse,1992,1
First Blood,2005,1
Fito Paez,1990,1
Fito Paez,2010,1
Five Blind Boys of Alabama,2008,1
Five Fingers of Funk,1995,1
Five Fingers of Funk,1998,2
Flamin' Groovies,1971,1
Flamin' Groovies,1991,1
Flamin' Groovies,1999,1
Fleet Foxes,2008,1
Floor,2002,1
Floor,2009,2
Flora Purim,1994,3
Flora Purim,2001,1
Flowin Immo et Les Freaqz,2009,2
Floyd Cramer,1964,1
Floyd Cramer,1979,1
Flutlicht,2000,1
Foals,2008,1
Foghat,1977,1
Foghat,1980,1
Foghat,1983,2
Fontaine Sisters,2004,1
Fontella Bass,1965,1
Fontella Bass,1992,1
Fontella Bass,2006,1
Foo Fighters,1995,1
Foo Fighters,1999,1
Foo Fighters,2002,1
Foo Fighters,2005,3
Foo Fighters,2007,1
For Squirrels,1995,1
Fort Minor,2005,1
Fort Minor (Featuring Mr. Hahn),2005,1
Fountains Of Wayne,1999,1
Fountains Of Wayne,2005,1
Fountains Of Wayne,2007,1
Four Tet,2004,1
Four Tet,2010,1
Fran Perea,2005,2
France D' Amour,1992,1
Francis Dunnery,1991,1
Francis Dunnery,1995,1
Francis Dunnery,2001,1
Francis Lai,1970,2
Francis Lai,1996,1
Francis Lai,2003,1
Francisco Céspedes,1998,1
Frank Caliendo,2008,1
Frank Chacksfield & His Orchestra,2001,1
Frank Sinatra,1967,1
Frank Stokes,1995,1
Frank Stokes,2005,2
Frankee,2004,1
Frankie J,2005,1
Franz Ferdinand,2005,2
Franz Ferdinand,2009,1
Freddie King,1960,1
Freddie King,1971,2
Freddie King,1973,1
Frederic Galliano,1997,1
Frederick Knight,2000,1
Fredi,1977,1
Free,1972,1
Frl.Menke,1982,1
From Autumn To Ashes,2002,1
From Autumn To Ashes,2007,1
Fruko Y Sus Tesos,1995,1
Fruko Y Sus Tesos,2000,1
Fruko Y Sus Tesos,2004,1
Fudge Tunnel,1991,3
Fuel,1995,1
Fun Lovin' Criminals,1996,1
Fun Lovin' Criminals,1998,1
Funeral For A Friend,2003,1
Funeral For A Friend,2005,1
Funeral For A Friend,2007,3
Funeral For A Friend,2008,2
Furry Lewis,1972,1
Furry Lewis,2003,1
Future Leaders of the World,2004,1
Fyah Blaze,2005,1
G Unit feat. 50 Cent,2002,1
G-Unit,2003,1
GG Allin,1999,1
GWAR,1994,1
GWAR,1995,1
GWAR,1997,1
GZA/The Genius,2002,1
Gabinete Caligari,1989,1
Gabinete Caligari,1991,1
Gabriel Yared,1986,1
Gabriel Yared,2003,1
Gabriel Yared,2006,2
Gabriel Yared,2007,1
Gabriela Anders,1998,1
Gaither Vocal Band,2003,1
Gal Costa,1977,1
Gal Costa,1980,1
Gal Costa,1981,1
Gal Costa,1999,1
Galactic,1998,1
Galactic,2000,1
Galactic,2007,2
Gall_ France,2006,1
Gang Of Four,1983,2
Gang Starr,1991,1
Gang Starr,1994,2
Gang Starr Featuring Jeru The Damaja And Lil Dap,1992,1
Gary Go,2009,1
Gary Moore,1992,2
Gary Moore,1997,1
Gary Moore,2005,1
Geddy Lee,2000,1
Geggy Tah,1996,1
Geggy Tah,2001,1
Geier Sturzflug,1982,1
Geier Sturzflug,2006,1
Geiom,2001,1
Gene Autry,1992,1
Gene Autry,1996,1
Gene Chandler,1994,1
Gene Clark,1998,1
Gene Pitney,1986,1
Gene Simmons,1987,1
Geoff Muldaur,2008,1
George Faith,1996,1
George Harrison,1981,1
George Lopez,2001,1
George Lopez,2003,2
George Lopez,2006,2
George Lopez,2007,1
George Lopez,2009,2
George Michael,1990,1
George Michael,2004,2
George Nooks,2001,1
Georges Brassens,1953,1
Georges Brassens,1956,2
Gerald Clayton,2009,3
Gerald Veasley,1999,1
Gerard Lenorman,1989,1
Gerard Lenorman,1999,1
Gershon Kingsley,1969,1
Gertrudis,2003,3
Gertrudis,2005,1
Gertrudis,2009,1
Ghorwane,1993,1
Ghost Machine,2005,1
Gina V. D'Orio,2004,1
Ginny Owens,2006,1
Gipsy Kings,1987,1
Gipsy Kings,1989,1
Gipsy Kings,2001,1
Gisselle,2008,1
Glad,1993,3
Glen Campbell And Bobbie Gentry,1968,1
Glen Washington,2000,1
Goatwhore,2000,1
Goatwhore,2003,2
Goatwhore,2006,1
Gob,2001,1
Gob,2007,1
God Lives Underwater,1995,1
Gold City,1994,1
Goldfish,2004,1
Goldfish,2007,1
Gonzalo Rubalcaba,2006,1
Gonzalo Rubalcaba,2008,1
Goose,2006,2
Gorillaz,2001,2
Gorillaz,2005,4
Gov't Mule,2009,1
Grace Gale,2008,1
Graham Central Station,1975,1
Grandmaster Flash,1987,1
Grandpa Jones,1995,2
Grant Geissman,1993,2
Grayson Capps,2005,1
Grayson Capps,2006,2
Green Day,2005,1
Gregory Isaacs,1979,1
Gregory Isaacs,2001,1
Grey Area,1997,1
Grizzly Bear,2006,1
Grizzly Bear,2008,1
Groundhogs,1968,1
Groupa,1999,1
Grupo Batuque,1998,1
Grupo Batuque,2005,1
Guaco,2000,1
Guitar Slim,1953,1
Guns N' Roses,1986,1
Guns N' Roses,1987,2
Guns N' Roses,1988,1
Guns N' Roses,1991,1
Guns N' Roses,2008,1
Gunther & the Sunshine Girls,2004,1
Gus Viseur,2000,1
Gus Viseur,2005,1
Gustavo A. Santaolalla,1998,1
Gustavo Cerati,2006,2
Gustavo Santaolalla,2006,1
Gwen Stefani,2004,2
Gwen Stefani,2006,1
Gym Class Heroes,2005,2
Gym Class Heroes,2006,2
Günter Noris,1985,1
HA-ASH,2005,1
Halfway to Gone,2004,2
Hall & Oates,1972,1
Hall & Oates,1993,1
Handsome Boy Modeling School,2004,2
Hank Locklin,1960,1
Hank Locklin,1995,1
Hank Penny,2008,1
Hanoi Rocks,1983,1
Hanoi Rocks,2005,1
Hanoi Rocks,2007,1
Happy Mondays,1987,1
Happy Mondays,1988,2
Happy Mondays,1990,1
Harry Choates,2005,1
Harry Connick_ Jr,1979,1
Harry Connick_ Jr.,1994,1
Harry Gregson-Williams,2003,1
Harry Gregson-Williams,2004,2
Hatebreed,1997,1
Hatebreed,2006,2
Hatebreed,2009,2
Hatebreed (int License),2003,1
Hatiras,2001,1
Hatiras,2002,2
Hatiras & Slarta John,2000,1
He Is Legend,2006,1
Headliners,2005,1
Headliners,2006,2
Heaven 17,1981,2
Heaven 17,1983,1
Heaven 17,1996,2
Heaven 17,2009,1
Heavenly,1990,1
Heavenly,1992,1
Heavy D,2008,2
Heavy D / McGruff,1997,1
Hef feat. Big2 & Dio,2009,1
Helen Hobson,1996,1
Helen Love,1994,2
Helen Love,1997,1
Helen Love,2000,2
Helen Love,2007,1
Hellsongs,2008,1
Helmet,1992,1
Helmet,1994,2
Helmet,1995,1
Helmet,2004,1
Hem,2000,2
Hem,2004,1
Hem,2005,1
Henry Lee Summer,1988,1
Herb Alpert And The Tijuana Brass,1964,1
Hevia,2003,1
Hevia,2005,2
Hevia,2007,1
Hey Colossus,2007,2
Hi-Fi Companions,2003,1
Hi-Tack,2006,1
High Strung_ The,2003,2
Hins Cheung,2008,1
Home Town Hero,2002,2
Horace Andy,1985,1
Horace Andy,2005,1
Hot Chip,2004,1
Hot Chip,2007,1
Hot Chip,2008,2
Hot Club Of Cowtown,2009,2
Hot Tuna,1970,2
Hot Tuna,1971,1
Hot Tuna,1976,1
Hot Tuna,2004,1
Hotwire,2003,1
House Of Lords,2006,1
Howie Day,2003,1
Hubert Kah,2005,1
Human Disease,2004,1
Humanzi,2006,1
Hurricane,1988,1
Hysterie,2005,1
Héroes del Silencio,1991,1
I Hate Sally,2007,1
I Wayne,2005,1
Iggy And The Stooges,1969,1
Iggy And The Stooges,1996,1
Iggy Pop,1990,2
Ill Nino,2005,1
Ill Nino,2006,1
Illya Kuryaki And The Valderramas,1996,1
In Extremo,2000,1
In Extremo,2005,1
In Extremo,2008,2
Incubus,2001,2
Incubus,2004,1
Information Society,1988,1
Information Society,1990,2
Information Society,1997,2
Information Society,2007,1
Inhume,2003,2
Ini Kamoze,1995,2
Ini Kamoze,2009,1
Inner Circle,2008,1
Inspiral Carpets,1990,2
Inspiral Carpets,1994,1
Inspiral Carpets,1999,1
Intars Busulis,2009,1
Intex Systems,2006,1
Irma Thomas,2001,1
Irma Thomas,2004,1
Irma Thomas,2008,2
Irwin Goodman,1966,1
Irwin Goodman,1977,1
Irwin Goodman,1978,1
Irwin Goodman,1979,1
Irwin Goodman,1985,1
Irwin Goodman,2001,1
Isabel Pantoja,1993,1
Isabel Pantoja,1999,1
Isabel Pantoja,2002,1
Isabelle Adjani,1983,1
It Dies Today,2006,1
It Dies Today,2007,1
Izzy Stradlin And The Ju Ju Hounds,1992,1
J. B. Lenoir,1954,1
J. Peter Robinson,2006,1
J.B. Lenoir,1995,1
J.B. Lenoir,2001,1
J.B.Lenoir,1991,1
J.J. Cale,1983,2
J.J. Cale,1997,1
JK,2003,1
Jaci Velasquez,2008,1
Jack Johnson,2000,3
Jack Johnson,2008,2
Jack Johnson,2010,1
Jack Johnson and Friends / Matt Costa,2003,1
Jack Off Jill,1994,1
Jack Off Jill,1995,1
Jack Orsen feat. Fumanschu_ Justus,2004,1
Jackie Edwards,2003,1
Jackie Edwards,2006,1
Jackie Wilson,1958,4
Jackie Wilson,1959,1
Jackie Wilson,1993,1
Jackson United,2008,1
Jaco & Mixxmaster,2008,1
Jacques Dutronc,1968,1
Jacques Dutronc,1969,4
Jacques Dutronc,1989,1
Jacques Dutronc,2004,1
Jacques Higelin,1973,1
Jaguares,2001,1
Jah Cure,2003,1
Jah Cure,2007,1
Jah Cure,2008,1
Jaime Jamgochian,2008,1
Jaime Urrutia,2005,1
Jake Hess,2004,2
James Carter,2003,1
James Carter,2008,1
James Horner,1986,1
James Horner,1998,1
James Horner,2000,1
James Horner,2003,2
James Hunter,2008,1
James Ingram,1993,1
James Last,1967,1
James Last,1998,1
James Newton Howard,1997,1
James Newton Howard,1999,1
James Newton Howard,2007,1
James Newton Howard,2010,1
James Taylor Quartet,2007,2
Jan Wayne,2003,1
Jan Wayne,2010,1
Jane's Addiction,1988,1
Jane's Addiction,1990,2
Jane's Addiction,2003,2
Janet Jackson,1986,1
Janet Jackson,1993,3
Janet Jackson,2008,1
Janet Jackson Featuring Kanye West,2004,1
Janet Paschal/Charlotte Ritchie/David Phelps,2003,1
Janie Fricke,1999,1
Janis Joplin,1969,1
Janis Joplin,1971,1
Janis Joplin,1972,2
Janis Joplin,1988,1
Janitor Joe,1993,2
Jars Of Clay,2006,1
Jars Of Clay,2009,1
Jason & The Scorchers,1983,1
Jason & The Scorchers,1985,1
Jason & The Scorchers,1998,1
Jason Michael Carroll,2007,1
Jason Mraz,2007,2
Jawoll,1990,1
Jay & The Americans,1988,1
Jay & The Americans,1990,2
Jay & The Americans,2002,1
Jay-Z,2003,1
Jaydee,1992,1
Jazz Gillum,1997,2
Jazzy B,2005,1
Jean Corti,2001,1
Jean Ferret,1991,1
Jean Lumière,2002,1
Jean-Jacques Goldman,1985,1
Jean-Jacques Goldman,1991,2
Jeanie Lambe & The Danny Moss Quartet,1996,1
Jeanne Pruett,1973,1
Jeckyll & Hyde,2007,1
Jeff Beck,1976,1
Jeff Beck Group,1971,1
Jeff Beck Group,1972,1
Jeff Scott Soto,2002,1
Jeff Scott Soto,2004,1
Jeff Wahl,2003,2
Jefferson Starship,1981,1
Jefferson Starship,1999,1
Jellyfish,2006,1
Jennifer Brown,1998,1
Jennifer Lopez,1999,1
Jennifer Lopez,2001,3
Jennifer Lopez,2002,2
Jennifer Lopez,2007,1
Jennifer Lopez featuring Ja Rule,2001,1
JennyAnyKind,2003,1
Jeremy Spencer,2006,2
Jerry Butler,1960,1
Jerry Goldsmith,1966,1
Jerry Goldsmith,1985,1
Jerry Goldsmith,1997,1
Jerry Lewis,1995,2
Jerry Reed,1967,1
Jesse Malin,2002,2
Jesse Malin,2004,2
Jesse Malin,2007,1
Jesse Malin,2008,2
Jesse Malin and The St. Marks Social,2007,1
Jessica Simpson,2003,2
Jessica Simpson,2004,1
Jessica Simpson featuring Lil Bow Wow,2001,1
Jessie Lee Miller,2005,1
Jesus Jones,1989,1
Jesus Jones,1990,1
Jesus Jones,1993,1
Jim Breuer,2002,1
Jim Chappell,1994,1
Jim Chappell,1997,1
Jim Jones featuring Oshy,2009,1
Jim Reeves,1963,1
Jim Reeves,1990,2
Jim Reeves,1994,1
Jim Reeves,2000,3
Jimi Hendrix,1969,1
Jimi Hendrix,1975,1
Jimi Hendrix,1989,1
Jimi Hendrix,1994,1
Jimi Hendrix,2010,1
Jimmie Vaughan,1994,1
Jimmy Cliff,1973,1
Jimmy Herring,2008,1
Jimmy McCracklin,2002,1
Jimmy Page,1988,3
Jimmy Page,2004,1
Jimmy Wakely,2001,1
Jimmy Wakely,2005,1
Jimmy Wyble,2005,1
Joe Bataan,2005,2
Joe Bonamassa,2004,1
Joe Bonamassa,2006,1
Joe Bonamassa,2009,1
Joe Bonamassa,2010,1
Joe Lopez,2004,1
Joe McBride,2005,2
Joe Rogan,2000,3
Joe Rogan,2007,1
Joe Rogan,2010,1
Joe Satriani,1987,2
Joe Satriani,1998,1
Joe Satriani,2006,1
Joey Negro,2005,1
Johannes Linstead,2000,1
Johannes Linstead,2003,1
John And The Bluesbreakers Mayall,1967,1
John Cale,1973,1
John Cale,1985,1
John Cale,1997,1
John Debney,1999,1
John Debney,2003,1
John Debney,2005,1
John Digweed,2006,1
John Fogerty,1986,2
John Fogerty,2007,1
John Frizzell,1996,1
John Frizzell,2002,1
John Frizzell,2009,1
John Hammond,1965,1
John Hammond,2002,2
John Hammond,2005,1
John Hiatt,1987,1
John Mayall,1970,1
John Mayall,2002,1
John Mayall,2007,1
John Mayall & The Bluesbreakers,1966,1
John Mayall & The Bluesbreakers,1988,1
John Mayall & The Bluesbreakers,1997,2
John Mayall & The Bluesbreakers,2010,2
John Mayer,1976,1
John Mellencamp,1987,1
John Mellencamp,2001,1
John Michael Talbot,1989,1
John Ottman,2005,1
John Ottman,2006,1
John Sebastian,1976,1
John Sebastian,2001,1
John Stevens,2005,1
John Van Tongeren,2007,1
John Wesley,1999,1
John Williams,2004,1
Johnny Cash,1959,1
Johnny Cash,1969,1
Johnny Cash,1974,1
Johnny Cash,2006,1
Johnny Copeland,1983,1
Johnny Copeland,2000,1
Johnny Horton,1959,1
Johnny Horton,1996,2
Johnny Horton,2000,1
Johnny Horton,2005,1
Johnny Nash,1972,1
Johnny Osbourne,1979,1
Johnny Osbourne,2004,1
Johnny Osbourne,2007,1
Johnny Winter,1969,1
Johnny Winter,1984,1
Jonny Lang,2003,1
Jonny Lang,2006,1
Jope Ruonansuu,2002,1
Jope Ruonansuu,2004,2
Jope Ruonansuu,2009,2
Jordan & Baker,2002,1
Jose Luis Perales,1979,1
Jose Luis Perales,1984,1
Jose Luis Perales,2008,1
Josh Groban,2004,1
Josh Groban,2006,1
Josh Groban,2008,2
Joshua Rifkin,1994,2
Joy Division,1978,1
Joy Division,1980,1
Joy Enriquez,2001,1
João Gilberto,1959,1
João Gilberto,1991,1
João Gilberto,2000,1
Juan Carlos Baglietto,1982,2
Juan Carlos Baglietto,1986,1
Juana Molina,2003,2
Juana Molina,2004,2
Juana Molina,2006,1
Judas Iscariot,1995,1
Jude Taylor & His Burning Flames,1994,1
Juelz Santana,2005,2
Juelz Santana / Bezel,2005,1
Juelz Santana / Freekey Zeekey / Monique Garnett,2003,1
Juice Leskinen,1994,1
Julie Roberts,2004,2
Julie Zenatti,2000,1
Julie Zenatti,2004,2
Julien Clerc,1971,1
Julien Clerc,1994,1
Julien Clerc,2000,1
Juliette & The Licks,2005,1
Julio Iglesias Jr,2008,1
Junior Jack,2002,1
Junior Kimbrough,1997,2
Junior Kimbrough,1998,1
Junior Kimbrough,1999,1
Junior Reid,1994,1
Junior Reid,1998,1
Jupiter Rising,2007,1
Justin Timberlake,2006,1
Justin Timberlake,2007,1
Justo Almario,1995,1
K'Naan,2004,1
K'Naan,2007,1
K's Choice,1995,2
K's Choice,1998,2
K's Choice,2000,1
K-OS,2002,1
K-OS,2004,3
K-OS,2006,1
K.I.Z.,2005,2
K.I.Z.,2007,1
K.T. Oslin,1993,1
KALIMBA,2007,2
KALIMBA,2009,2
KMD,2001,1
KRS-One,2004,1
KRS-One,2008,1
KT Tunstall,2004,1
KT Tunstall,2005,2
KT Tunstall,2007,1
Kai Winding,1961,2
Kaija Koo,1993,2
Kaija Koo,1995,2
Kaija Koo,1998,1
Kaizers Orchestra,2003,1
Kalibas,2003,1
Kane,1999,1
Kane,2001,1
Kane,2004,1
Kane,2005,1
Kanye West,2003,2
Kanye West,2005,3
Kanye West,2008,1
Kanye West / Adam Levine,2005,1
Kanye West / Consequence / Cam'Ron,2005,1
Kanye West / Lupe Fiasco,2010,1
Kapelle Herrenweide,2009,2
Kardinal Offishall / Keri Hilson,2008,1
Karen Peck And New River,2000,1
Kari Tapio,2009,1
Kary Ng,2006,1
Kasia Stankiewicz,2006,1
Kassav',2000,1
Kassav',2009,1
Kathleen Madigan,2006,1
Kathy Mattea,1991,1
Kathy Mattea,1992,1
Kathy Mattea,2002,1
Kathy Mattea,2008,1
Kathy Troccoli,1994,1
Kathy Troccoli,2005,1
Keb' Mo',1996,1
Keb' Mo',2000,1
Keb' Mo',2001,1
Keb' Mo',2004,1
Keb' Mo',2006,1
Keb'Mo',1994,1
Keep Of Kalessin,1999,1
Keep Of Kalessin,2006,1
Keep Of Kalessin,2008,1
Keira Green,2004,1
Kekele,2005,1
Kelly Clarkson,2007,1
Kelly Clarkson,2009,2
Kelly Sweet,2007,2
Kenny G,1983,1
Kenny G,1986,1
Kenny Rogers,1977,1
Kenny Rogers,1993,1
Kenny Rogers,1999,1
Kenny Rogers,2003,1
Kevin Max,2008,1
Kid Sister,2009,1
Kill The Client,2008,1
Kim Wilson,2001,1
Kim Wilson,2003,1
King Curtis,2007,1
Kings Of Leon,2003,2
Kings Of Leon,2004,1
Kings Of Leon,2007,4
Kirk Franklin,2007,1
Kisha,1998,1
Kitaro,1983,2
Kitaro,1993,2
Kitaro,1999,1
Kitaro,2006,1
Kitty Wells,1990,1
Klaus Badelt,2002,1
Klaus Badelt,2003,1
Klaus Badelt,2007,3
Kooii,2005,1
Kool Keith,1996,1
Kool Keith,1997,1
Kool Moe Dee,1987,2
Kool Moe Dee,1989,2
Kool Moe Dee,1991,1
Kool Savas,2000,1
Koordinate Of Wonders,2006,1
Korn,1996,1
Korn,1999,2
Korn,2003,1
Korn,2007,1
Korpiklaani,2009,1
Kraftwerk,2008,1
Kris Kristofferson,1970,1
Kris Kristofferson,1974,1
Kris Kristofferson,1995,1
Kristine W.,2004,1
Krystof,2004,1
Krystof,2006,3
Kurtis Blow,1990,1
Kurupt,1999,1
Kyle Eastwood,2006,1
Kyle Eastwood,2009,1
Kyle Riabko,2005,1
Kékélé,2001,2
Kékélé,2006,1
L.A. Guns,1988,1
L.A. Guns,1989,1
L.A. Guns,1992,1
L.a. Dream Team,1985,1
L7,1992,1
L7,1994,1
LL Cool J,2004,1
LL Cool J / Amil,2000,1
LL Cool J / Freeway,2006,1
La Mancha De Rolando,2003,1
La Portuaria,2005,3
Lady GaGa,2008,1
Lady Saw,1994,2
Lady Saw,1996,1
Lady Saw,2000,1
Lambda,1996,1
Lara,2009,2
Lara & Reyes,2000,1
Lara Fabian,1994,1
Lara Fabian,2009,2
Larry The Cable Guy,2009,1
Las Ketchup,2002,1
Las Ketchup,2006,1
Las Niñas,2003,1
Las Niñas,2005,1
Laurie Berkner,2001,3
Le Vangle,2006,1
Leaders Of The New School,1993,2
Led Zeppelin,1970,1
Led Zeppelin,1982,1
Led Zeppelin,2007,1
Lee Michaels,1968,1
Lee Ritenour,1977,1
Lee Ritenour,1979,1
Lee Ritenour,1982,1
Lee Ritenour,1998,1
Lee Ritenour / Jeff Mironov,1976,1
Leeroy Stagger,2005,1
Legacy Five,2009,1
Leigh Jones,2008,2
Leningrad Cowboys,1996,1
Lennie Tristano,1994,1
Leo Gandelman,2007,1
Leon Russell,1970,1
Leon Russell,1976,1
Leona Naess,2000,2
Leona Naess,2003,1
Leona Naess,2008,1
Leonid Rudenko,2006,1
Leroy Hutson,1974,2
Leroy Van Dyke,1962,1
Les Blaireaux,2007,1
Les Brown,2007,1
Les Hou-Lops,1964,1
Les Hurlements D'leo,1999,1
Les Malpolis,1998,1
Les Malpolis,2003,1
Les Malpolis,2009,1
Les Ogres De Barback,1997,1
Les Ogres De Barback,1999,4
Les Ogres De Barback,2001,2
Les Ogres De Barback,2004,1
Les Rythmes Digitales feat. Nik Kershaw,1999,1
Les Sexareenos,2001,1
Lesley Gore,1963,2
Leslie Mendelson,2009,1
Less Than Jake,1995,1
Less Than Jake,1996,1
Less Than Jake,2002,1
Less Than Jake,2008,1
Letters To Cleo,1997,1
Lexie Mountain Boys,2006,2
León Gieco,1999,1
León Gieco,2002,2
Liam O'Flynn,1995,1
Liars,2006,1
Liars,2007,2
Life In Your Way,2005,1
Life Long Tragedy,2008,1
Lifehouse,2000,1
Lifehouse,2005,1
Lifer,2001,2
Light Of The World,1980,1
Lighthouse Family,1995,1
Lighthouse Family,2001,1
Lightnin' Hopkins,1999,1
Lightnin' Slim,1997,1
Lil Boosie,2006,1
Lil Boosie feat. Bun B_ Trae_ Yo Gotti & Foxx,2009,1
Lil' Band O' Gold,2000,2
Lily Allen,2006,1
Lily Allen,2009,3
Lily Allen Featuring Ours,2009,1
Line Renaud,1994,4
Linkin Park,2000,2
Linkin Park,2007,1
Lionel Richie,1986,1
Lionel Richie,2004,1
Liquid Soul,2000,1
Liquid Stranger,2007,2
Lisa Lisa & Cult Jam,1997,1
Lisa Lisa & Cult Jam (featuring Full Force),1989,1
Lisa Lynne,1998,1
Lisa Lynne,1999,1
Lisa Lynne,2001,1
Lit,1999,1
Little Angels,1999,1
Little Brother,2010,1
Little Eva,1962,1
Little Eva,2000,1
Little Feat,2006,1
Little Jr. Parker,1958,1
Little Milton,1975,1
Little Milton,1994,1
Little Milton,1995,1
Little Milton,2007,1
Little Willie John,1991,1
Lizzy Borden,1985,3
Lizzy Borden,1986,1
Lizzy Borden,2000,2
Lizzy Borden,2007,1
Lloyd Banks,2004,1
Lole y Manuel,1992,1
Lollipop Lust Kill,2000,1
Lollipop Lust Kill,2002,1
Lonestar,1997,1
Lonestar,2004,1
Long Beach Dub Allstars,1999,1
Long Beach Dub Allstars,2001,2
Loop Guru,2001,1
Lord Sterling,2004,1
Lords Of The Underground,1993,1
Loretta Lynn,1965,1
Loretta Lynn,1994,1
Los Abuelos De La Nada,1984,1
Los Amigos Invisibles,1998,2
Los Auténticos Decadentes,1989,2
Los Auténticos Decadentes,1991,1
Los Auténticos Decadentes,1997,2
Los Auténticos Decadentes,2004,1
Los Chichos,1979,1
Los Chichos,1982,1
Los Chichos,1984,1
Los Chichos,1987,1
Los Chunguitos,2000,1
Los Chunguitos,2001,1
Los Del Rio,1993,2
Los Delinqüentes,2009,1
Los Fabulosos Cadillacs,1986,1
Los Fabulosos Cadillacs,1988,1
Los Fabulosos Cadillacs,1989,1
Los Fabulosos Cadillacs,1990,1
Los Fabulosos Cadillacs,1993,2
Los Fabulosos Cadillacs,1999,2
Los Indios Tabajaras,1997,1
Los Muñequitos De Matanzas,2007,1
Los Titanes,2008,1
Los Van Van,1999,1
Lost Boyz,1997,3
Lot Lorien,2007,1
Lou Ann Barton,1986,1
Lou Reed,1974,1
Loudermilk,2002,1
Loudon Wainwright III,1994,1
Loudon Wainwright III,1995,1
Loudon Wainwright III,2009,1
Louie Ramirez,1968,1
Louis Prima And Keely Smith,1960,1
Louisa Mark,2003,1
Love Jones,1993,2
Love and Rockets,1996,1
Low Millions,2004,1
Luar Na Lubre,2001,1
Luciana Souza,1998,1
Luis Alberto Spinetta,1983,1
Luis Alberto Spinetta,1994,2
Luis Alberto Spinetta,2001,1
Luiz Bonfa,1989,1
Luiz Bonfa,2005,2
Luke Bryan,2009,1
Luke Vibert,2005,1
Luke Vibert,2007,1
Lupe Fiasco feat. GemStones and Graham Burris,2007,1
Lyrics Born,2003,1
Lyrics Born,2005,2
Lyrics Born,2006,1
Lyrics Born,2008,1
M.A. Numminen,1998,1
M.A. Numminen,2002,1
M.I.K.E.,2006,1
M83,2001,1
M83,2005,1
M83,2008,1
MC5,1969,1
MC5,1971,2
MIMS,2007,1
MIMS,2009,1
MU330,1997,1
Ma Rainey,1927,1
Ma Rainey,2005,1
Mad Are Sane_ The,1984,1
Mademoiselle Sane,2007,1
Madonna,1985,1
Madonna,1986,1
Madonna,1994,1
Madonna,2006,2
Madonna,2008,1
Mae West,1996,1
Mae West,2006,2
Mago de Oz,2005,1
Major Lance,1963,1
Major Lazer / Vybz Kartel / Afrojack,2009,1
Malefaction,2003,1
Malkit Singh,1993,2
Malkit Singh,2007,1
Mance Lipscomb,1993,1
Mance Lipscomb,2000,1
Mandi,1998,1
Mando Diao,2004,2
Mando Diao,2006,1
Mando Diao,2007,1
Manjul,2005,1
Mannheim Steamroller,2008,1
Mannheim Steamroller,2009,1
Marc Dorsey,1999,1
Marc Lavoine,1989,1
Marc Lavoine,1995,1
Marc Shaiman,1999,1
Marc Shaiman,2008,3
Marcie Blane,2004,1
Marcio Faraco,2002,1
Marco Beltrami,2004,3
Marco Beltrami,2007,1
Marco Beltrami,2009,2
Marcus Miller,1983,1
Marcus Miller,2001,1
Marcus Miller,2005,1
Margaret Becker,1989,1
Margaret Becker,1993,1
Maria Bamford,2003,1
Maria Muldaur,1974,1
Maria Muldaur,1999,1
Mariachi Silvestre Vargas,2006,1
Mariah Carey,1990,1
Mariah Carey,1993,1
Mariah Carey,1997,2
Mariah Carey,2002,1
Mariah Carey,2005,1
Mariah Carey,2008,1
Mariah Carey Featuring Da Brat & JD,1997,1
Mariano Yanani,2003,2
Mariano Yanani,2005,3
Marilyn Scott,1995,1
Mario Telles,1962,1
Mark Wills,2003,2
Markscheider Kunst,2010,1
Marlene Dietrich,1991,2
Marlene Dietrich,1992,1
Maroon 5,2002,5
Marshall Crenshaw,2000,1
Marshall Crenshaw,2003,1
Mart'nália,2006,2
Martha Wainwright,2005,1
Martha Wainwright,2008,1
Martha Wainwright,2009,1
Martin Denny,1996,1
Martin Sexton,1996,1
Martin Sexton,1998,2
Martin Sexton,2000,1
Martin Sexton,2001,1
Martin Sexton,2005,1
Martina McBride,1993,1
Martina McBride,1999,2
Martina McBride,2003,1
Martina McBride,2005,3
Martriden,2006,1
Marvin Hamlisch,1977,2
Mary Black,1987,1
Mary Black,1993,1
Mary Black,1999,1
Mary Black & General Humbert,1984,1
María Elena Walsh,2000,1
Massive Töne,2002,1
Masta Ace Incorporated,1995,1
Mastodon,2001,2
Mastodon,2004,1
Mastodon,2009,1
Mat Kearney,2009,1
Matisyahu,2004,2
Matt Redman,2003,1
Mau Mau,1992,1
Mau Mau,1994,1
Mau Mau,2000,1
Mau Mau,2004,1
Maurane,1995,2
Maurane / Lara Fabian,2003,1
Maurice Chevalier,2000,1
Mavado,2007,2
Max Steiner,1993,2
Maxi Priest,1991,2
Maximilian Hecker,2001,2
Maximilian Hecker,2004,1
Maximilian Hecker,2005,2
Mayday,2005,1
Maysa,2003,1
Maysa,2008,1
Melissa Auf der Maur,2010,1
Melvins,2008,1
Melvins,2009,1
Memphis Jug Band,2001,3
Memphis Jug Band,2005,1
Memphis La Blusera,1995,1
Memphis La Blusera,2001,1
Memphis Minnie,1991,1
Memphis Minnie,1995,1
Memphis Minnie,1997,1
Mest,2005,1
Metallica,1982,2
Metallica,2008,1
Methods Of Mayhem / Scott Kirkland,1999,1
Metsatöll,2010,1
Micachu,2008,1
Michael Card,1985,1
Michael Gettel,1992,3
Michael Gettel,1993,1
Michael Gettel,1996,2
Michael Gettel,1999,1
Michael Jackson,1972,2
Michael Jackson,1973,1
Michael Jackson,1975,2
Michael Jackson,1984,1
Michael Jackson,1987,1
Michael Jackson,1995,2
Michael Jackson,2001,1
Michael Stanley Band,1975,2
Michael Stanley Band,1980,2
Michael Stanley Band,1981,2
Michael Stanley Band,1982,2
Michael Whalen,2004,1
Michèle Arnaud,1996,1
Michèle Bernard,2002,4
Michèle Bernard,2006,1
Michèle Bernard,2008,1
Midwest Product,2003,1
Mighty Mighty Bosstones,1989,2
Mighty Mighty Bosstones,1992,2
Miguel Migs,2002,1
Mike And The Mechanics,1988,2
Mike Bloomfield,1996,1
Mike Vax,2001,1
Mikey Dread,1981,1
Mikey Dread,1982,2
Mikey Dread,1991,1
Milieu,2007,1
Milk Inc.,1999,1
Milk Inc.,2001,1
Milk Inc.,2003,1
Milk Inc.,2006,2
Mindy McCready,1996,3
Mindy McCready,1997,1
Mindy McCready,2002,1
Minipop,2007,1
Mink DeVille,1977,1
Mink DeVille,1980,1
Minnie Riperton,1970,1
Minnie Riperton,1974,1
Minnie Riperton,1990,1
Mint Condition,1999,1
Miossec,1995,2
Miossec,2004,1
Miossec,2009,1
Mira,2006,1
Miranda Lee Richards,2001,1
Mish Mash,2006,1
Mississippi Fred McDowell,1999,1
Mississippi John Hurt,1966,1
Mississippi John Hurt,1967,1
Mississippi Mass Choir,2003,1
Mistress,2005,1
Mitch Ryder,2004,1
Mithotyn,1998,2
Mithotyn,1999,1
Mobb Deep,1995,2
Mobb Deep,1996,1
Mobb Deep,1999,1
Mobb Deep,2004,1
Mobb Deep featuring Nate Dogg,2004,1
Modern Lovers,1976,1
Modeselektor,2002,1
Modeselektor,2005,1
Moist,2010,1
Moments In Grace,2004,2
Mongo Santamaria,1959,1
Mongo Santamaria,1963,1
Mongo Santamaria,1975,1
Mongo Santamaria,1995,1
Mongo Santamaria Orchestra,1995,1
Mons Leidvin Takle,2001,1
Monster Magnet,1998,1
Monster Magnet,2000,1
Monster Magnet,2004,1
Montserrat Caballé,1994,1
Monty Are I,2006,2
Moonsorrow,2001,1
Moonspell,1995,1
Moonspell,1997,1
Moonspell,1998,1
Moonspell,1999,1
Moraes Moreira,1991,1
Morgion,1997,1
Moros Eros,2007,1
Moss,2006,1
Moss,2009,1
Mother Superior,2008,1
Motograter,2003,1
Mouth Of The Architect,2006,1
Moving Cloud,2008,1
Moving Ninja,2005,1
Mr Lab!,2008,1
Mr. Lif,2006,1
Ms. Dynamite,2002,2
Ms. Dynamite,2005,2
Ms. Dynamite / Bounty Killer,2002,1
Ms. Dynamite / Kymani Marley,2002,1
Mudhoney,1991,1
Mudhoney,1993,1
Mudhoney,1998,1
Mudhoney,2006,1
Mudhoney,2008,1
Mungo Jerry,1995,1
Mungo Jerry,2001,1
Murderdolls,2002,1
Murphy Lee / Zee,2003,1
Musical Youth,1982,1
MxPx,1995,2
MxPx,2000,1
MxPx,2001,1
MxPx,2004,1
My Chemical Romance,2004,2
My Chemical Romance,2006,1
My Chemical Romance,2008,1
Mägo de Oz,2010,1
Månegarm,2007,2
Móveis Coloniais de Acaju,2005,2
Mötley Crüe,1981,1
Mötley Crüe,1987,1
Mötley Crüe,1997,1
Mötley Crüe,1999,1
Mötley Crüe,2000,1
Múm,2004,1
N.E.R.D.,2004,1
N.E.R.D.,2008,1
N.W.A.,1989,1
N.W.A.,2006,1
NG3,2003,1
NOFX,1992,1
NOFX,1994,1
NOFX,2001,1
NOFX,2006,1
Najoua Belyzel,2009,1
Nana Caymmi,2001,1
Nana Mouskouri,1997,1
Nando Lauria,2003,1
Natalie Cole,1985,1
Natalie Cole,1991,1
Natalie Cole,2008,1
Natalie MacMaster,1999,1
Natasha Bedingfield,2004,1
Natasha Bedingfield,2008,1
Natural Elements,1998,1
Naughty By Nature,1993,1
Naughty By Nature,1999,1
Naughty By Nature,2002,2
Ned Miller,1963,2
Negura Bunget,2006,2
Neil Diamond,1972,2
Neil Diamond,1980,1
Neil Diamond,1984,1
Neil Diamond,1996,1
Neil Innes,1995,1
Neil Sedaka,1999,1
Neon Blonde,2005,1
Nerf Herder,2000,1
Nerf Herder,2002,1
Nestor Torres,2001,1
Neviss,2003,2
New Direction,1999,1
New Found Glory,2000,1
New Found Glory,2009,1
New Order,1989,1
New Order,2005,1
NewFound Road,2009,1
Nic Endo,1998,1
Nicho Hinojosa,2001,1
Nick Cave & The Bad Seeds,1993,1
Nick Cave & The Bad Seeds,1994,1
Nick Cave & The Bad Seeds,1996,1
Nick Cave & The Bad Seeds,2003,2
Nick Cave & The Bad Seeds,2006,1
Nick Colionne,2006,1
Nick Ingman,1973,1
Nick Jonas & The Administration,2010,1
Nickelback,2005,3
Nickelback,2008,1
Nickelback featuring Kid Rock,2003,1
Nicolas Bacchus,2002,2
Nightfall,1999,1
Nightfall,2003,1
Nightfall,2004,1
Nights Like These,2006,1
Nightwish,1997,2
Nightwish,2000,1
Nightwish,2004,1
Nightwish,2007,2
Nine Inch Nails,1989,1
Nine Inch Nails,1994,1
Nine Inch Nails,1999,1
Nine Inch Nails,2000,1
Nine Inch Nails,2007,1
Nino Nardini,2001,1
No Address,2005,1
Noah Lewis,2002,1
Noemi,2010,1
Noisettes,2006,1
Noisettes,2009,1
Nolwenn Leroy,2003,1
Non Phixion,1999,1
Non Stop DJs,2004,2
North Mississippi Allstars,2005,1
North Mississippi Allstars,2006,1
Norther,2006,1
Northern State,2004,1
Nouvelle,2000,1
Novaspace,2002,1
Novaspace,2004,2
Novembre,2006,1
Novembre,2007,1
Novika,2006,2
O'2L,2005,1
OV7,2000,1
OV7,2001,1
Obie Bermudez,2003,1
Obie Bermudez,2004,1
Oceansize,2005,1
Oesch's die Dritten,2007,1
Off Broadway,1979,1
Oh No,2009,1
Ol' Dirty Bastard,1995,1
Old Man's Child,1998,1
Old Man's Child,2003,1
Old Soul,2008,1
Oldelaf et Monsieur D,2006,2
Oldelaf et Monsieur D,2009,1
Olga Tañon,2002,1
Olga Tañón,2006,1
Oliver Kalkofe,2008,1
Olivia Ruiz,2004,1
Olivia Ruiz,2005,1
One Block Radius,2008,1
Onesidezero,2001,2
Onyx,2002,1
Open Hand,1999,1
Open Hand,2000,1
Open Hand,2004,2
Opiate For The Masses,2008,1
Orbital,1990,1
Orbital,1994,2
Orbital,1999,2
Orbital,2001,1
Orbital,2005,1
Organized Konfusion,1997,1
Orquesta America,1997,1
Orquesta Aragón,2003,1
Orquesta Broadway,1981,1
Orquestra,1967,1
Orthrelm,2002,1
Oscar Lima,1999,1
Oscar Lima,2000,1
Otis Spann,1989,2
Otis Spann,1990,2
Otis Spann,1995,2
Otis Spann,1997,1
Otis Taylor,2001,2
Otis Taylor,2009,1
Out Of The Grey,1995,1
OutKast,1994,1
OutKast,1996,1
OutKast,1998,1
OutKast,2003,1
OutKast featuring George Clinton,1998,1
Outerspace,2004,1
Outerspace,2006,1
Owl City,2007,1
Owl City,2008,1
Owsley,1999,3
Oztara,2005,1
PATSY CLINE & WILLIE NELSON,1991,1
PRE,2007,1
Pacha Massive,2006,1
Pacha Massive,2007,1
Pacha Massive,2009,2
Pagan Wanderer Lu,2006,1
Palito Ortega,2004,1
Panic! At The Disco,2005,1
Panzer AG,2004,1
Panzer AG,2006,1
Papa Wemba,1992,1
Papa Wemba,1998,2
Papoose,2006,1
Paris_ Texas,2002,1
Pascal Obispo,1994,1
Pascal Obispo,2004,1
Pascal Obispo,2006,1
Pascal Sangla,2010,2
Pat Green,2001,1
Pat Metheny,1979,1
Pat Metheny,2008,1
Patience Dabany,1994,1
Patricia Kaas,1988,1
Patrick Bruel,1991,1
Patrick Bruel,1999,1
Patrick Lamb,2007,1
Patsy Cline,1961,1
Patsy Cline,1995,1
Patti Smith,1996,1
Patti Smith,2000,1
Patti Smith Group,1979,1
Patton Oswalt,2004,1
Patton Oswalt,2007,1
Patty Griffin,1996,2
Patty Griffin,1998,1
Patty Griffin,2010,1
Paul Avgerinos,2004,2
Paul Avgerinos,2006,1
Paul Brown,2005,2
Paul Cantelon,2008,2
Paul Carrack,1989,2
Paul Geremia,2004,1
Paul Glazby,2001,1
Paul Rogers,1993,1
Paul Stanley,1978,1
Paul Thorn,2006,1
Paula Santoro,2006,1
Pearl Jam,1998,1
Pearl Jam,2002,1
Pearl Jam,2006,1
Pedro Aznar,1995,2
Pedro Luis e a Parede,1997,2
Pee Wee King,1989,1
Peggy Lee,1992,1
Peggy Zina,2009,1
Pelle Carlberg,2007,2
Penguin Café Orchestra,1981,1
Penguin Café Orchestra,1987,1
Penguin Café Orchestra,2001,1
Pennywise,2005,3
Pepe Kalle,2005,1
Pepper,2007,1
Pepper,2008,2
Pepper,2009,1
Percy Faith And His Orchestra,1953,1
Percy Mayfield,1950,1
Peret,1973,1
Perrey And Kingsley,1966,1
Perrey And Kingsley,1968,1
Perrey And Kingsley,1988,1
Perrey And Kingsley,2001,1
Pescado Rabioso,1973,2
Pete Rock & C.L. Smooth,1992,1
Peter Gallagher,2005,1
Peter Tosh,1978,2
Phantom Planet,2004,3
Phantom Planet,2008,1
Phantomsmasher,2002,1
Phil Collins,1981,1
Phil Collins,1982,1
Phil Collins,1985,1
Phil Collins,1988,1
Phil Collins,1990,1
Phil Collins,1993,2
Phil Collins,1996,2
Phil Collins,2002,1
Phil Collins,2003,1
Phil Vassar,2000,1
Phil Vassar,2008,1
Philip Bailey,1998,1
Philip Glass,2007,1
Philly's Most Wanted,2001,1
Photek,1997,1
Photek,2000,3
Photo Atlas,2007,1
Pictures of Then,2009,1
Piero Umiliani,1998,1
Pierre Perret,1975,1
Pierre Perret,1994,3
Pierre Perret,2007,1
Pink Floyd,1967,1
Pink Floyd,1972,1
Placebo,1999,1
Placebo,2000,1
Placebo,2003,3
Placebo,2009,2
Planet P Project,1984,2
Planetakis,2007,1
Planxty,1973,2
Plasmatics,1979,1
Plasmatics,1980,1
Plasmatics,1996,1
Plies,2007,1
Plies featuring Tank,2007,1
Plump DJs,2003,2
Point Of Grace,1998,1
Polkaholix,2007,2
Poncho Sanchez,1987,1
Poncho Sanchez,2001,2
Poncho Sanchez,2002,1
Poncho Sanchez,2004,1
Poncho Sanchez / Dianne Reeves,1999,1
Porcupine Tree,1991,1
Porcupine Tree,1997,1
Porcupine Tree,2002,1
Porcupine Tree,2009,1
Portable,2002,1
Portable,2003,1
Porter Wagoner,1997,1
Power Pill Fist,2008,1
Precious Bryant,2002,2
Precious Bryant,2005,1
Pride Tiger,2007,1
Primordial,1995,1
Primordial,1998,3
Primordial,2007,1
Prince,1978,1
Princess Lover,2007,1
Professor Longhair,1980,1
Professor Longhair,1985,2
Professor Longhair,1993,1
Public Image Ltd,1979,1
Public Image Ltd,1983,2
Public Image Ltd,1984,1
Public Image Ltd,1985,1
Pursuit Of Happiness,1988,4
Pyranja,2003,1
Pyranja,2004,1
Pyranja,2006,2
Pyrolator,2005,1
Quadro Nuevo,2002,3
Quadro Nuevo,2006,1
Queens Of The Stone Age,2002,1
Queens Of The Stone Age,2005,2
Quincy Jones,1988,2
Quinteto Violado,1999,1
R. Carlos Nakai,1982,1
R. Carlos Nakai,1994,1
R.E.M.,1982,1
R.E.M.,1983,1
R.E.M.,2004,1
R.L. Burnside,1997,1
R.L. Burnside,2001,1
R.L. Burnside,2004,1
RIDDLIN' KIDS,2004,1
RUN-DMC,1984,1
RUN-DMC,1985,3
RUN-DMC,1988,3
RUN-DMC,1990,2
RUN-DMC,1993,1
RUN-DMC Featuring Jagged Edge,2001,1
RUN-DMC vs. Jason Nevins,1984,1
Rachael Starr,2005,1
Rachel Portman,2008,2
Radio Birdman,2006,1
Radio Moscow,2009,1
Radiohead,1993,2
Radiohead,1995,1
Radiohead,1997,1
Radiohead,2000,1
Radiohead,2001,1
Radiohead,2003,1
Radiohead,2007,1
Radiohead,2009,2
Rage Against The Machine,2000,1
Rah Digga (Featuring Outsidaz),2000,1
Rainbow,1975,1
Rainbow,1978,1
Rainbow,1981,1
Rajery,2005,1
Rakim,1997,2
Rakim feat. Tracey Horton,2009,1
Ramesses,2005,1
Rance Allen Group,2006,2
Randy Travis,1986,1
Randy Travis,1993,2
Randy Travis,1996,1
Raphaël,2003,1
Raphaël,2007,1
Raphaël,2008,1
Ras Michael and the Sons of Negus,1978,1
Rauni Pekkala,1994,1
Ray Barretto,1992,1
Ray Lynch,1984,1
Ray Lynch,1998,1
Ray Pillow,1998,1
Ray Price,1989,1
Rea_ Chris,1999,1
Reach 454,2003,1
Red Foley,1936,1
Red Hot Chili Peppers,1985,1
Red Hot Chili Peppers,1991,2
Red Hot Chili Peppers,1999,3
Red Hot Chili Peppers,2002,1
Red I Flight,2008,2
Red Stick Ramblers,2000,1
Redman,1992,1
Redman,1998,1
Redman,2001,2
Redman,2007,1
Reel Big Fish,2007,2
Regina Belle,1993,2
Regina Belle,1995,1
Regina Belle,2004,1
Remmy Ongala,2007,1
Remy Shand,2002,1
Renee Rosnes,2000,1
Republica,1998,1
Republica;Jonny Male;Dave Arch,1996,1
Restless Heart,1986,1
Rhian Benson,2004,1
Rhian Sheehan,2001,2
Rhian Sheehan,2002,1
Rhian Sheehan,2004,1
Rhinoceros,2002,1
Ricardo Lemvo,1997,1
Richard Galliano,1992,1
Richard Galliano,1999,3
Richard Hawley And Death Ramps_ Arctic Monkeys,2007,1
Richard Hell & The Voidoids,1977,1
Richard Lloyd,1979,1
Richi M.,1998,1
Richi M.,2000,1
Richie McDonald,2009,1
Richie Ray & Bobby Cruz,1970,1
Richie Ray & Bobby Cruz,2005,1
Rick Astley,1987,2
Rick Astley,1991,1
Rick Astley,1993,1
Rick Astley,2005,2
Rickie Lee Jones,1979,1
Rickie Lee Jones,1989,3
Rickie Lee Jones,1991,1
Ricky Martin,1999,1
Ricky Martin,2001,1
"Ricky Martin Feat. La Mari de ""Chambao",2008,1
Righteous Brothers,1965,1
Righteous Brothers,1975,1
Righteous Brothers,1999,1
Rihanna,2005,1
Rihanna,2006,2
Rihanna,2007,4
Rikk Agnew,1982,1
Rise Against,2001,2
Rise Against,2003,2
Rise Against,2004,1
Rise Against,2006,2
Rishi Rich,2006,3
Rita Chiarelli,1992,1
Rita Chiarelli,2004,2
Rita Chiarelli,2006,2
Robben Ford,1988,3
Robben Ford,1997,1
Robben Ford,2002,1
Robben Ford,2009,1
Robert Lockwood_ Jr.,1998,4
Robert Palmer,1978,1
Robert Palmer,1980,1
Robert Palmer,1981,1
Robin Beanland/Dweezil Zappa/Nile Rodgers/Rabbit In The Moon,2005,1
Robin Fox,2001,1
Rocket From The Tombs,2002,1
Rodney O & Joe Cooley,1991,1
Rodney O & Joe Cooley,1993,1
Rodney O & Joe Cooley,1995,1
Rodney O & Joe Cooley,2002,1
Rodney O_ Joe Cooley,1995,1
Roger Clyne & The Peacemakers,2002,1
Roger Creager,1998,1
Roger Creager,2003,1
Roger Sanchez,2006,2
Roger Subirana,2002,1
Rokia Traoré,2000,1
Rokia Traoré,2008,1
Ron Goodwin,1999,2
Ronnie Milsap,1980,1
Ronnie Milsap,1982,1
Ronnie Milsap,1983,1
Room 5,2003,1
Rooney,2007,2
Roy Buchanan,1974,1
Roy Drusky,1961,1
Roy Roberts,1997,1
Rubyhorse,2002,2
Rudolph Valentino,1992,1
Rupa & the April Fishes,2009,1
Russ Taff,1998,1
Russell Malone,2007,1
RyanDan,2007,2
S.U.P,1993,1
S.U.P,2001,2
SKYCLAD,1994,1
SNAP!,1994,1
SNAP!,1996,2
SNAP!,2005,1
SUE THOMPSON,1985,1
SUMO,1987,1
SUMO,1989,1
SWAMI featuring Asuivre,2007,1
SWAMI featuring Ishmael Morabe,2007,1
Saafir,1999,1
Sade,1983,1
Sade,1988,1
Sade,2000,2
Sade,2010,1
Saigon Kick,1993,1
Salt The Wound,2008,2
Salt The Wound,2009,2
Salt-N-Pepa,1988,1
Sam Baker,2005,1
Sam Fan Thomas,1989,1
Sammi Cheng,2004,1
Samy Deluxe,2001,1
Samy Deluxe,2004,1
Samy Deluxe,2005,2
Samy Deluxe,2006,1
Sandi Thom,2006,2
Sandi Thom,2008,1
Sandra Mihanovich,1994,1
Sandy Posey,1966,1
Sandy Posey,1990,1
Saosin,2005,2
Sapo,2003,2
Sara Melson,2008,1
Satan's Host,2006,1
Savage Garden,1999,1
Savoy Brown,1989,1
Scar Symmetry,2006,3
Scar Symmetry,2008,1
Scarlet's Remains,2005,1
Scarlet's Remains,2007,1
Schoolyard Heroes,2007,1
Scott Glasgow,2007,1
Scott Glasgow,2009,1
Scott Matthews,2006,1
Scott Matthews,2009,1
Scott Weiland,1998,1
Screamin' Jay Hawkins,1956,1
Screamin' Jay Hawkins,1995,1
Screamin' Jay Hawkins,1996,1
Screaming Lord Sutch,1982,1
Seal,1991,1
Seal,1998,2
Seal,2001,1
Seal,2005,1
Sean Callery,2008,1
Sean Kingston,2009,1
Seatrain,1973,1
Seguridad Social,1991,1
Seguridad Social,1999,1
Seguridad Social,2005,1
Semisonic,1993,1
Semisonic,1998,2
Sensations,2005,1
Sergio Dalma,1995,2
Sergio Franchi,1987,1
Sergio Mendes,2006,1
Sergio Mendes / Black Eyed Peas,1985,1
Session Americana,2007,1
Set Your Goals,2006,1
Set Your Goals,2009,2
Seven Mary Three,1997,1
Seven Mary Three,2008,1
Seventh Day Slumber,2005,1
Seventh Day Slumber,2009,1
Seventh Star,2007,1
Sex Machine ft. Shèna,2006,1
Sex Pistols,1977,3
Sex Pistols,1988,1
Sex Pistols,1998,1
Sex Pistols,2004,1
Shadows Fall,2000,1
Shadows Fall,2004,1
Shaggy,1994,1
Shaggy,2007,1
Shaggy / Brian & Tony Gold,2002,1
Shai Hulud,2008,1
Shakedown,2001,1
Shakira,1995,2
Shakira,1997,1
Shakira,1998,3
Shakira,2001,2
Shakira,2009,1
Shamen,1992,2
Shamen,1995,1
Shamen,2002,1
Shanadoo,2006,2
Shania Twain,1995,1
Shania Twain,1999,1
Shapeshifters,2008,1
Sharon Burch,1999,2
Sharon Shannon,2007,1
Shawn Colvin,1989,2
Shawn Colvin,1996,1
Shawn Colvin,2006,1
She Satellites,1999,1
Sheek Louch,2009,1
Shelby Lynne,2005,1
Shelby Lynne,2008,1
Shelly Manne,1996,1
Shelly Manne,2002,1
Shifty,2004,1
Shinehead,1988,1
Shinehead,1999,1
Shout Out Out Out Out,2009,1
Showbread,2006,1
Showbread,2008,1
Showbread,2009,1
Shriekback,1986,1
Shriekback,2005,2
Shriekback,2007,1
Shy FX & T Power,2005,1
Sick Of It All,1994,1
Sick Of It All,1997,1
Sick Of It All,1999,1
Sick Of It All,2010,1
Sick On The Bus,2002,1
Sick Puppies,2006,1
Sick Puppies,2009,1
Sierra Maestra,1992,1
Sierra Maestra,1994,1
Sierra Maestra,1997,1
Sigmatropic,2007,1
Silent Stream Of Godless Elegy,2000,1
Silkie Ft. Harry Craze,2009,1
Silverchair,1995,2
Silverchair,1997,2
Silverstein,2005,2
Silverstein,2006,4
Simon & Garfunkel,1966,2
Simon & Garfunkel,1968,1
Simon & Garfunkel,2004,1
Simple Minds,1981,1
Simple Minds,1983,1
Simple Minds,1991,1
Simple Minds,2004,1
Simply Red,1987,1
Simply Red,1991,1
Simply Red,1995,1
Simply Red,2007,1
Since The Flood,2007,2
Sinch,2002,2
Siouxsie,2007,1
Sirka Ragnar,2007,1
Sister Hazel,1994,1
Sister Hazel,1997,3
Sister Hazel,2003,1
Sister Hazel,2010,2
Sister Rosetta Tharpe,2002,1
Sister Rosetta Tharpe & Marie,2004,1
Six Brown Brothers,1988,1
Sizzla,1997,1
Sizzla,2003,1
Sizzla,2005,1
Sizzla,2006,1
Skeeter Davis,1963,1
Skeeter Davis,1988,2
Skeeter Davis,1995,1
Skeeter Davis,1999,1
Skeletonwitch,2004,1
Skeletonwitch,2007,1
Skrape,2003,1
Skyforger,2010,1
Slackbaba,2006,2
Slackbaba,2010,1
Sleepy John Estes,1930,1
Sleepy John Estes,1935,2
Sleepy John Estes,1965,1
Sleepy John Estes,1993,1
Slick Rick,1999,1
Slim Harpo,1993,1
Slim Whitman,1990,1
Slim Whitman,1993,1
Slim Whitman,2002,1
Slum Village,1997,1
Slum Village,2000,1
Small Faces,1965,1
Small Faces,1966,2
Small Faces,1967,1
Small Faces,1968,1
Smartbomb,2001,1
Sneaky Sound System,2006,1
Sneaky Sound System,2008,1
Snow Patrol,2003,3
Snow Patrol,2004,1
Snow Patrol,2006,4
Snow Patrol,2009,3
Snowgoons,2007,1
Snowgoons,2008,1
Snowgoons,2009,4
Socialburn,2003,1
Soda Stereo,1984,1
Soda Stereo,1987,1
Soda Stereo,1988,1
Soda Stereo,1990,1
Sofia Karlsson,2002,1
Sofia Karlsson,2009,2
Soilent Green,2001,1
Soilwork,2000,1
Soilwork,2007,1
Solas,1996,1
Solas,2002,1
Solistiyhtye Suomi,2002,1
Sonia Dersion,2004,1
Sonic Subjunkies,1994,1
Sonic Subjunkies,1995,1
Sonny James,1967,1
Sonny Landreth,1999,1
Sonny Terry,1994,1
Sonora Carruseles,1999,3
Sonora Carruseles,2000,1
Sonora Santanera,2003,1
Sophie B. Hawkins,1992,1
Sophie B. Hawkins,1994,2
Sophie B. Hawkins,1999,1
Soul Asylum,1986,2
Soul Asylum,1998,1
Soul Asylum,2006,1
Soul Ballet,2007,3
Souls Of Mischief,2002,1
Soulwax,1996,2
Soulwax,2000,1
Soundgarden,1991,1
Speaker,1999,1
Spectra Soul,2008,1
Speech,2003,2
Speedball,1998,1
Spinal Tap,1984,1
Spinal Tap,1992,1
Spiral Stairs,2009,2
Spliff,1982,1
Spliff,1988,1
Spok Frevo Orquestra,2007,2
Spongebob Squarepants,2005,1
Spooky Tooth,1969,2
Spooky Tooth / Mike Harrison,1970,1
Sportsguitar,1998,1
Spunk,2005,1
Stanley Clarke,1975,1
Stanley Clarke,1998,1
Stanley Clarke & George Duke,1990,1
Stargarden,2004,1
Stars Like Fleas,2007,1
Static-X,1999,1
Static-X,2003,2
Static-X,2005,1
Statues,2006,1
Steel Pulse,1978,1
Steel Pulse,1982,1
Steel Pulse,1991,1
Steel Pulse,1997,2
Stefon Harris,1999,1
Stefon Harris,2006,1
Steinski,2003,2
Stephan Micus,1988,1
Stephan Micus,2001,2
Stephan Micus,2002,1
Stephan Micus,2006,1
Stephen Marley,2005,1
Stephen Marley / Damian Marley,2006,1
Stephen Marley / Damian Marley,2008,1
Stephen Pearcy,2002,1
Stephen Warbeck,2003,1
Stephy Tang,2006,1
Steve Morse,2000,1
Steve Porter,2000,1
Steve Riley & The Mamou Playboys,1995,2
Steve Vai,1984,2
Steve Vai,1996,1
Steve Vai,1999,1
Steve Vai,2001,1
Steve Vai,2007,1
Steve Vai,2009,1
Steven Halpern,2001,1
Stevie Ray Vaughan,1992,1
Stevie Ray Vaughan And Double Trouble,1985,2
Stevie Ray Vaughan And Double Trouble,1988,2
Stevie Ray Vaughan And Double Trouble,1994,1
Stevie Ray Vaughan And Double Trouble,1996,2
Stevie Ray Vaughan And Double Trouble,2005,2
Stew,2002,1
Stew,2003,2
Sticky Fingaz,2000,1
Stille Volk,2003,1
Stimulator,2004,1
Stone Temple Pilots,2003,1
Story Of The Year,2005,2
Story Of The Year,2010,1
Storyville,1998,2
Strata,2004,2
Strata,2007,1
Stress Assassin,2003,1
Styles P,2002,1
Sub Focus,2005,1
Sub Focus,2009,1
Sub Swara,2008,1
Suburbs,2005,1
Sue Foley,1998,1
Sugar Minott,1977,2
Sugar Minott,1979,1
Sugar Minott,1984,1
Sugar Minott,2007,2
Sugar Minott,2008,1
Sugar Ray,2005,1
Sugarbomb,2001,2
Sui Generis,1973,1
Sui Generis,1975,2
Suicidal Tendencies,1987,3
Suicidal Tendencies,1992,2
Suicide,1999,1
Suicide,2004,1
Sun Yan-Zi,2001,1
Sun Yan-Zi,2002,1
Sundial Aeon,2007,1
Sunnyland Slim,1994,1
Sunscreem,1992,1
Sunscreem,1995,1
Sunscreem,1996,1
Super Cat,1992,2
Super700,2009,1
Superchumbo,2001,1
Susana Seivane,2010,2
Suzanne Ciani,1989,1
Suzi Quatro,1974,1
Suzi Quatro,1979,1
Suzi Quatro,1995,1
Suzi Quatro,2004,1
Swallow The Sun,2007,1
Swallow The Sun,2009,1
Swami,2009,1
Swans Of Avon,1995,1
Syl Johnson,2000,1
Sylver,2004,1
Sylvester Weaver,1997,1
Sylvia Tosun,2004,1
Symphony in Peril,2005,1
System of a Down,1996,1
System of a Down,2001,1
T-Bone,2001,1
T-Bone Walker,1967,1
T-Bone Walker,1983,1
T-la Rock,2001,1
T.G. Sheppard,1992,1
T.G. Sheppard,2002,2
T.I.,2004,1
T.O.K.,2001,2
T.O.K.,2006,1
TAKARU,2004,1
TEN MADISON,2003,1
TEN MADISON,2006,2
THE CHIFFONS,1963,3
TRAM 11,2000,1
TYR,2001,1
Taal,2000,1
Tad,1991,1
Taint,2009,1
Take It Back!,2008,1
Taking Back Sunday,2004,1
Taking Back Sunday,2006,1
Taking Back Sunday,2009,1
Taking Dawn,2010,1
Talib Kweli,2007,2
Talking Heads,1986,1
Talking Heads,2005,1
Talvin Singh,1998,1
Tam Tam Go!,1990,1
Tam Tam Go!,1993,2
Tam Tam Go!,1999,1
Tammy Wynette,1968,2
Tania Maria,1983,1
Tania Maria,2000,1
Tanto Metro & Devonte,1999,1
Tanto Metro & Devonte,2003,1
Tanto Metro & Devonte,2004,1
Tantric,2009,2
Taste,1970,1
Taya wooden,2007,1
Taylor Swift,2006,1
Taylor Swift,2008,1
Tech N9ne,2006,1
Tech N9ne,2008,1
Teena Marie,1983,1
Teena Marie,1984,2
Teena Marie,1990,1
Teenage Fanclub,1991,1
Teenage Fanclub,2000,1
Teenage Fanclub,2003,1
Teenage Fanclub,2005,1
Tel Basta,1996,1
Temple Of The Dog,1991,1
Ten Years After,1970,1
Ten Years After,1989,1
Terror Fabulous,1995,1
Terror Squad / Remy / Prospect / Armageddon,2004,1
Terry Callier,1972,2
Terry Callier,1998,1
Terry Callier,1999,1
Terry Callier,2001,1
Terry Callier,2007,1
Terry Dexter,2008,1
Terry Riley,1992,1
Terry Riley,2002,1
Tesla,1986,1
Tesla,1989,1
Tesla,2004,1
Tesla,2008,1
Test Icicles,2005,2
Tex Williams,1947,2
Tex Williams,2004,1
Tha Alkaholiks,1993,1
Tha Liks,2001,4
Tha Liks featuring Defari,2001,1
Tha Liks featuring King T,2001,1
The Abominable Iron Sloth,2006,1
The All American Rejects,2007,1
The All American Rejects,2008,1
The All-American Rejects,2005,1
The Almost,2008,1
The Almost,2009,2
The Animals_ Sonny Boy Williamson,1973,1
The Antlers,2007,2
The Ataris,1997,1
The Ataris,1999,1
The Ataris,2003,1
The Ataris,2004,1
The Ataris,2006,2
The B-52's,1986,1
The B-52's,1992,1
The Baltimore Consort,1996,1
The Balustrade Ensemble,2007,2
The Beatles / Tony Sheridan,1964,1
The Berzerker,2000,2
The Berzerker,2002,2
The Birds,2001,1
The Black Crowes,1992,1
The Black Crowes,1994,2
The Black Crowes,1996,1
The Black Crowes,2009,2
The Blind Boys Of Alabama,2005,1
The Box Tops,1967,2
The Box Tops,1968,1
The Box Tops,1969,1
The Brooklyn Tabernacle Choir,1995,3
The Bucketheads,1995,2
The Bug Featuring Ricky Ranking,2008,1
The Bug Featuring Spaceape,2008,1
The Business,2001,1
The Cardigans,1994,1
The Cardigans,1996,1
The Cardigans,1998,3
The Cars,1984,1
The Cat's Miaow,1996,1
The Cat's Miaow,1997,2
The Cat's Miaow,2003,1
The Chap,2003,1
The Chap,2006,1
The Chap,2008,2
The Chap,2010,1
The Chi Lites,1974,1
The Chi-Lites,1972,1
The Chico Hamilton Quintet With Fred Katz_ Paul Horn_ John Pisano_ Carson Smith,1997,1
The Chieftains,1971,1
The Chieftains,1977,1
The Chieftains,1980,1
The Chieftains,2003,1
The Chieftains;Colin James,1992,1
The Clancy Brothers,1993,1
The Clash,1977,1
The Clash,1979,1
The Clash,1980,1
The Clash,1982,1
The Clash,1985,1
The Cliks,2009,1
The Cortinas,1978,1
The Creation,1967,2
The Crystal Method,1995,1
The Crystal Method,1997,1
The Crystal Method,2004,1
The Cure,1981,2
The Cure,2001,1
The Cure,2004,1
The Del McCoury Band,2006,2
The Dillinger Escape Plan,1999,1
The Dillinger Escape Plan,2004,1
The Dillinger Escape Plan,2010,1
The Disposable Heroes Of Hiphoprisy,1992,1
The Distillers,2000,4
The Distillers,2003,1
The Doors,1967,1
The Dreamtree Project,2007,1
The Dylans,1991,1
The Edgar Broughton Band,1970,1
The Exciters,1962,1
The Exciters,1994,1
The Exies,2003,1
The Fabulous Thunderbirds,1979,1
The Fabulous Thunderbirds,1981,1
The Fabulous Thunderbirds,1986,1
The Fabulous Thunderbirds,1989,1
The Fabulous Thunderbirds,1991,1
The Fabulous Thunderbirds,1996,1
The Fabulous Thunderbirds,2003,1
The Fever,2006,1
The Field Mice,1989,1
The Field Mice,1990,1
The Fire Theft,2003,1
The Five Stairsteps,2005,1
The Flies,2007,1
The Forms,2003,1
The Forms,2007,1
The Four Pennies,2002,1
The Fray,2002,1
The Fray,2005,1
The Fray,2008,1
The Fray,2009,1
The Frequency,2004,2
The Funeral Pyre,2006,1
The Galactic Heroes,2000,1
The Germs,1977,1
The Germs,1993,1
The Gone Jackals,1995,2
The Gone Jackals,1998,1
The Grease Band,1971,1
The Harvey Averne Dozen,1967,1
The High Strung,2005,1
The High Strung,2009,1
The Highwaymen,1995,1
The Impressions,1963,1
The Impressions,1968,1
The Impressions,1972,1
The In Crowd,1979,1
The Irish Tenors,2001,1
The Jam,1977,2
The Jam,1980,2
The James Taylor Quartet,1996,1
The James Taylor Quartet,2003,1
The Jane Shermans,2008,1
The Jason Bonham Band,1992,2
The Jeff Healey Band,1988,2
The Jeff Healey Band,1989,1
The Jeff Healey Band,1992,1
The Killers,2004,1
The Killers,2005,1
The Killers,2006,1
The Killers,2008,2
The Knux,2008,1
The Last,1979,1
The Last Days Of Jesus,2004,2
The Last Eighth feat. Dumi Right(Zimbabwe Legit) and Skillz,2007,1
The Last Vegas,2009,1
The Lord Weird Slough Feg,2000,1
The Lord Weird Slough Feg,2003,2
The MC5,1970,1
The Mad Capsule Markets,2004,1
The Maine,2008,1
The Mars Volta,2003,3
The Mars Volta,2005,1
The Michael Stanley Band,1975,1
The Mighty Mighty Bosstones,1994,1
The Misfits,1981,1
The Misfits,1982,1
The Misfits,1996,1
The Misfits,1997,2
The Monroes,1983,1
The Moody Blues,1968,1
The Moody Blues,1977,1
The Motors,1977,2
The Mystic Moods Orchestra,1967,1
The New York Dolls,1973,1
The New York Dolls,1974,3
The Notorious B.I.G.,2007,1
The Ocean,2010,1
The Panic Channel,2006,2
The Paul Butterfield Blues Band,1971,1
The Pharcyde,1993,1
The Pharcyde,2004,4
The Pharcyde / Big Boy / Schmooche Cat / Randy Mack,1995,1
The Pineapple Thief,2006,3
The Plasmatics,1981,1
The Plasmatics,2000,1
The Plimsouls,1981,2
The Police,1978,1
The Police,1980,2
The Police,1983,2
The Presets,2005,1
The Presets,2006,1
The Presets,2008,2
The Prodigy,1991,1
The Prodigy,1996,1
The Race,2006,1
The Raconteurs,2006,1
The Radio Department,2005,1
The Radio Dept,2006,1
The Radio Dept.,2007,1
The Rapture,2003,1
The Rapture,2006,1
The Real Kids,1976,1
The Real Kids,1977,1
The Real Kids,1996,1
The Red Jumpsuit Apparatus,2006,1
The Reverend Peyton's Big Damn Band,2006,1
The Robert Cray Band,1983,2
The Roches,1979,1
The Roches,1980,1
The Roches,1982,1
The Roches,1990,1
The Roches,1995,1
The Rolling Stones,1963,1
The Rolling Stones,1964,2
The Rolling Stones,1966,1
The Rolling Stones,1972,1
The Rolling Stones,1981,1
The Ronettes,1964,1
The Ronettes,1991,1
The Ruby Suns,2005,1
The Scare,2009,1
The Sensational Alex Harvey Band,1972,1
The Sensational Alex Harvey Band,1975,1
The Shamen,1996,2
The Shangri-Las,1964,3
The Shangri-Las,1965,1
The Shirelles,1960,2
The Shirelles,1963,1
The Small Knives,2004,1
The Smashing Pumpkins,1993,1
The Smashing Pumpkins,1995,1
The Smashing Pumpkins,2000,1
The Smashing Pumpkins,2001,1
The Sonics,1967,2
The Sonics,1996,1
The Starting Line,2002,1
The Statler Brothers,1967,1
The Statler Brothers,1994,1
The Sterns,2006,1
The Stooges,1999,1
The Stranglers,1981,1
The Strokes,2003,2
The Sugarhill Gang,1981,1
The Suicide Machines,2003,2
The Summer Obsession,2006,1
The Temper Trap,2008,1
The Token,1994,1
The Tokens,1994,2
The Tragically Hip,1996,1
The Tragically Hip,2006,1
The Tragically Hip,2009,1
The Vaughan Brothers,1990,2
The Vaughan Brothers;Stevie Ray Vaughan;Jimmy Vaughan,1990,2
The Velvet Underground,1968,1
The Velvet Underground,1985,1
The Verve Pipe,1999,1
The Verve Pipe,2001,1
The Waybacks,2000,1
The Wes Montgomery Trio,1987,1
The White Stripes,2005,1
The White Stripes,2007,2
The Who,1975,1
The Who,1979,1
The Who,2009,1
The Wreckers,2007,1
The Zebras,2006,1
Theodor Zox,2007,1
Theodore Shapiro,2006,2
This Is Hell,2008,2
This Or The Apocalypse,2008,1
Thomas Dolby,1982,4
Thomas Dolby,1984,1
Three 6 Mafia,2003,1
Three 6 Mafia,2005,1
Thrice,2002,1
Thrice,2003,1
Thrice,2005,3
Thrice,2008,1
Through the Eyes of the Dead,2005,1
Throw The Fight,2008,1
Tigertailz,2007,1
Till West & DJ Delicious,2006,1
Tilman Sillescu,2008,1
Tim Exile,2006,2
Tim Exile,2009,2
Tim Hughes,2007,1
Tim Wilson,1999,1
Tim Wilson,2005,2
Timbalada,2006,1
Time Factory,2006,1
Timo Maas,2001,1
Timo Maas,2005,1
Timo Maas featuring MC Chikaboo,2002,1
Timothy Byram-Wigfield,2002,1
Tin Hat Trio,2000,2
Tin Hat Trio,2002,2
Tina Ann,2003,3
Tina Britt,2006,1
Tinariwen,2003,1
Tinariwen,2007,1
Tinariwen,2009,1
Tiny Bradshaw,2004,1
Tiny Tim,1968,1
Tiny Tim,2000,2
Tito Puente,1972,1
Tito Puente,1993,2
Tito Puente,1998,1
Tito Puenté,1987,1
Tito Rodriguez,2001,1
To My Surprise,2003,1
Toby Love featuring Rakim & Ken-Y,2007,1
Tom Barabas,1992,2
Tom Cochrane,1992,1
Tom Cochrane,1997,1
Tom Petty,1994,2
Tommy Castro,1996,1
Tommy James & The Shondells,1969,1
Tommy James And The Shondells,1967,1
Tommy James And The Shondells,1989,2
Tones On Tail,1987,1
Toni Braxton,1993,1
Toni Braxton,2000,1
Toni Braxton,2002,2
Toni Braxton Featuring Babyface,2003,1
Toni Braxton Featuring Shaggy,2001,1
Tony Joe White,1970,1
Tony Joe White,1993,1
Tony Joe White,1999,1
Tony Matterhorn,2006,1
Toots & The Maytals,1984,1
Toots & The Maytals,1996,1
Toots & The Maytals,1998,1
Toots Thielemans,1955,1
Toots Thielemans,1998,1
Torcuato Mariano,2006,1
Total Fucking Destruction,2007,1
Tracy Byrd,1996,1
Tracy Byrd,2007,1
Tranzas,2000,2
Trentemoller,2009,1
Tresenlesen,1995,1
Tresenlesen,1998,1
Trick Trick / Eminem,2005,2
Trick Trick / Obie Trice,2005,1
Trivium,2004,1
Trivium,2008,3
Truckfighters,2007,1
Tsar,2005,1
Tshala Muana,2001,1
Tullycraft,1999,2
Tum Tum,2007,1
Tum Tum / Double T / LiL Ronnie,2007,1
Turisas,2004,1
Twila Paris,1980,1
Twila Paris,1990,1
Twila Paris,2001,1
Twin Atlantic,2008,1
Twista,1997,1
Twista,2005,3
Twista Featuring Cee-Lo,2004,1
Ty Herndon,1998,1
Tyrone Wells,2005,2
U.K. Subs,1993,2
U2,1981,1
U2,1992,1
U2,2000,1
U2,2004,1
U2,2007,1
U2,2009,1
UK Subs,1979,1
UK Subs,1986,1
UK Subs,1999,1
Ultraviolence,1995,1
Unearth,2001,1
Unearth,2008,1
Unkle Bob,2006,1
Unwritten Law,1996,1
Unwritten Law,2003,1
Unwritten Law,2005,1
Uphill Battle,2002,2
Uphill Battle,2004,1
Urge Overkill,1993,1
Uriah Heep,1971,1
Uriah Heep,1978,1
Uriah Heep,2006,1
Uriah Heep,2008,1
Usher,1994,1
Usher,1999,2
Usher,2008,2
Usher,2010,1
Usher Featuring The Nu Beginning,2004,1
V V Brown,2009,1
V'ro,2003,1
VHS Or Beta,2002,1
VHS Or Beta,2004,3
VHS Or Beta,2006,1
Valient Thorr,2006,1
Van Halen,1981,1
Van Halen,1983,1
Van Halen,1998,1
Vanessa Daou,1994,1
Vanessa Daou,1996,2
Vangelis,1977,1
Vangelis,1983,1
Vangelis,1990,2
Vangelis,1998,1
Vangelis,2004,1
Various Production,2008,2
Various Production,2009,1
Venice,1990,1
Vex'd,2005,1
Vex'd,2010,2
Vickie Winans,2008,1
Vilma E Vampiros Palma,1995,1
Vilma Palma e Vampiros,1992,1
Vilma Palma e Vampiros,1993,2
Vince Guaraldi,1964,2
Vince Guaraldi Trio,1964,1
Vinícius de Moraes,1965,1
Virgil Moorefield,1994,1
Virgil Moorefield,1995,1
Vitamin C,1999,2
Vivian,2007,1
Vixen,1988,2
Vonray,2003,1
Vox Dei,1971,1
Vox Dei,1974,1
Vulgar Pigeons,2004,1
Vulture Industries,2007,1
Vuneny,2006,1
W.A.S.P.,1992,2
W.A.S.P.,2007,1
Wade Ray,2005,1
Wailing Souls,1979,1
Wailing Souls,1980,1
Wailing Souls,1981,1
Walter Ego,1998,1
Walter Hawkins,1978,1
Walter Jackson,2006,1
Walter Trout,1992,1
Walter Trout,1997,1
Wang Chung,1983,1
War Babies,1991,1
Warren Barfield,2006,2
Warrior King,2002,3
Warrior King,2005,1
Webb Wilder,2009,1
Weedeater,2001,1
Weezer,2001,1
Weezer,2002,1
Weezer,2004,1
Weezer,2009,1
Weirdos_ The,1978,1
Wendo Kolosoy,1993,1
Wendy Moten,1992,1
Wesley Tuttle,1992,1
Wet Wet Wet,1992,1
Wet Wet Wet,1994,1
Wet Wet Wet,2004,1
White Willow,2000,1
White Willow,2006,1
Whitesnake,1978,1
Whitesnake,1980,1
Whitesnake,2003,1
Whitney Cummings,2009,2
Who Made Who,2004,1
Will Ackerman,1992,2
William Orbit,1987,1
William Orbit,1993,3
William Orbit,2000,1
Williamson,2003,1
Williamson,2005,2
Willie Bobo,1997,1
Willie Bobo,2008,1
Willie Colon,2001,1
Willie Isz,2009,1
Willie Rosario,1999,1
Willy DeVille,1996,1
Willy DeVille,2008,1
Willy DeVille,2009,1
Wilshire,2003,2
Winds Of Plague,2008,1
Winds Of Plague,2009,1
Winifred Phillips,2009,2
Winston McAnuff_ The Bazbaz Orchestra,2005,1
Winston Reedy,1997,1
Wolfchant,2007,1
Wolfmother,2004,1
Wolfmother,2009,3
Wordsworth,2004,1
Wordsworth feat. Adanita Ross,2004,1
Workhorse,2007,4
Wyclef Jean,1997,1
Wyclef Jean,2000,1
Wyclef Jean,2002,1
Wyclef Jean,2004,1
Wyclef Jean,2007,1
Wyclef Jean featuring Butch Cassidy and Sharissa,2002,1
Wyclef Jean featuring Prodigy of Mobb Deep,2003,1
X-ecutioners,2001,1
X-ecutioners featuring M.O.P.,2001,1
X-ecutioners featuring Tom Tom Club & Biz Markie,2001,1
XLNC,1998,1
Xcultures,2000,2
Xzibit,1996,1
Xzibit,2000,1
Y&T,1982,1
Y&T,1983,1
Y&T,1987,1
YGGDRASIL,1998,1
Yami Bolo,2000,1
Yami Bolo,2001,1
Year Long Disaster,2010,1
Year of Desolation,2005,2
Yellowcard,2003,1
Young-Holt Unlimited,1970,2
Young-Holt Unlimited,1971,1
Youves,2008,1
Yung Joc,2007,1
Z.Z. Hill,1971,2
ZO2,2007,2
Zbigniew Preisner,1993,2
Zbigniew Preisner,1994,2
Zebra,1983,1
Zebra,1990,1
Zebra,1999,1
Zeca Baleiro,2000,2
Zeca Baleiro,2002,1
Zeca Baleiro,2006,1
Zen Lemonade,2001,1
Zeromancer,2001,1
Zeromancer,2003,1
Zeromancer,2009,1
Zeromancer,2010,2
Zombie Girl,2006,1
Zombie Girl,2007,1
Zombie Girl,2009,1
ZombieSuckers,2010,1
Zombina & The Skeletones,2002,1
Zombina & The Skeletones,2006,2
Zuma,2001,1
Zumpano,1995,1
bel canto,1996,1
brokeNCYDE,2008,2
deadboy & the Elephantmen,2005,1
fIREHOSE,1988,1
fIREHOSE,1989,1
fIREHOSE,1991,2
iTAL tEK,2007,1
themselves,2002,1
themselves,2003,2
themselves,2009,1
unloco,2001,3
ÄI-TIEM,1993,2
ÄI-TIEM,2003,2
